CREATE DATABASE  IF NOT EXISTS `dbcontrolcapacitacion` /*!40100 DEFAULT CHARACTER SET latin1 */;
USE `dbcontrolcapacitacion`;
-- MySQL dump 10.13  Distrib 5.6.17, for Win32 (x86)
--
-- Host: 127.0.0.1    Database: dbcontrolcapacitacion
-- ------------------------------------------------------
-- Server version	5.5.5-10.1.19-MariaDB

/*!40101 SET @OLD_CHARACTER_SET_CLIENT=@@CHARACTER_SET_CLIENT */;
/*!40101 SET @OLD_CHARACTER_SET_RESULTS=@@CHARACTER_SET_RESULTS */;
/*!40101 SET @OLD_COLLATION_CONNECTION=@@COLLATION_CONNECTION */;
/*!40101 SET NAMES utf8 */;
/*!40103 SET @OLD_TIME_ZONE=@@TIME_ZONE */;
/*!40103 SET TIME_ZONE='+00:00' */;
/*!40014 SET @OLD_UNIQUE_CHECKS=@@UNIQUE_CHECKS, UNIQUE_CHECKS=0 */;
/*!40014 SET @OLD_FOREIGN_KEY_CHECKS=@@FOREIGN_KEY_CHECKS, FOREIGN_KEY_CHECKS=0 */;
/*!40101 SET @OLD_SQL_MODE=@@SQL_MODE, SQL_MODE='NO_AUTO_VALUE_ON_ZERO' */;
/*!40111 SET @OLD_SQL_NOTES=@@SQL_NOTES, SQL_NOTES=0 */;

--
-- Table structure for table `archivo`
--

DROP TABLE IF EXISTS `archivo`;
/*!40101 SET @saved_cs_client     = @@character_set_client */;
/*!40101 SET character_set_client = utf8 */;
CREATE TABLE `archivo` (
  `idarchivo` int(11) NOT NULL AUTO_INCREMENT,
  `fechaReg` datetime NOT NULL,
  `cargado` int(10) NOT NULL,
  `ruta` varchar(45) NOT NULL,
  `idProgramacion` int(11) NOT NULL,
  `tipo` varchar(45) NOT NULL,
  `tamanio` varchar(45) NOT NULL,
  PRIMARY KEY (`idarchivo`,`idProgramacion`),
  KEY `idProgramacion_idx` (`idProgramacion`),
  CONSTRAINT `idProgramacion` FOREIGN KEY (`idProgramacion`) REFERENCES `programacion` (`idProgramacion`) ON DELETE NO ACTION ON UPDATE NO ACTION
) ENGINE=InnoDB AUTO_INCREMENT=20 DEFAULT CHARSET=latin1;
/*!40101 SET character_set_client = @saved_cs_client */;

--
-- Dumping data for table `archivo`
--

LOCK TABLES `archivo` WRITE;
/*!40000 ALTER TABLE `archivo` DISABLE KEYS */;
INSERT INTO `archivo` VALUES (19,'2017-12-28 13:08:14',1,'../archivos/ER (1).pdf',124,'application/pdf','41280');
/*!40000 ALTER TABLE `archivo` ENABLE KEYS */;
UNLOCK TABLES;

--
-- Table structure for table `asigempleado`
--

DROP TABLE IF EXISTS `asigempleado`;
/*!40101 SET @saved_cs_client     = @@character_set_client */;
/*!40101 SET character_set_client = utf8 */;
CREATE TABLE `asigempleado` (
  `idAsigEmpleado` int(10) NOT NULL AUTO_INCREMENT,
  `idEmpleado` varchar(100) DEFAULT NULL,
  `idProgramacion` int(10) DEFAULT NULL,
  PRIMARY KEY (`idAsigEmpleado`),
  KEY `fk_idAsigEmpleado_idEmpleado1_idx` (`idEmpleado`),
  KEY `fk_AsigEmpleado_idProgramacion1_idx` (`idProgramacion`),
  CONSTRAINT `fk_AsigEmpleado_idProgramacion1` FOREIGN KEY (`idProgramacion`) REFERENCES `programacion` (`idProgramacion`) ON DELETE NO ACTION ON UPDATE NO ACTION,
  CONSTRAINT `fk_idAsigEmpleado_idEmpleado1` FOREIGN KEY (`idEmpleado`) REFERENCES `empleado` (`documento`) ON DELETE NO ACTION ON UPDATE NO ACTION
) ENGINE=InnoDB AUTO_INCREMENT=934 DEFAULT CHARSET=latin1;
/*!40101 SET character_set_client = @saved_cs_client */;

--
-- Dumping data for table `asigempleado`
--

LOCK TABLES `asigempleado` WRITE;
/*!40000 ALTER TABLE `asigempleado` DISABLE KEYS */;
INSERT INTO `asigempleado` VALUES (270,'1031146650',64),(271,'1013683312',64),(272,'1030641921',64),(273,'1033738820',64),(274,'1010243077',64),(275,'52832351',64),(276,'1012432976',65),(277,'1026282992',65),(278,'1026582055',65),(279,'1110521319',65),(280,'1019094026',65),(281,'1024584158',65),(282,'1012437645',65),(283,'52161167',65),(284,'1012428273',65),(285,'53167630',65),(286,'1102868200',65),(287,'52861352',65),(288,'1020841609',65),(289,'1018473819',65),(290,'1026299913',65),(291,'1015425844',65),(292,'1016108573',65),(293,'1020815741',65),(294,'1012438377',65),(295,'1022383416',65),(296,'1070614722',65),(297,'1026275520',65),(298,'1010222719',65),(299,'1012431154',65),(300,'1024575418',65),(301,'53154249',65),(302,'1033751505',65),(303,'52360965',65),(304,'1023950219',65),(305,'80827698',65),(306,'1026295978',65),(307,'1033782790',65),(308,'1031160352',65),(309,'1033792162',65),(310,'1023959465',65),(311,'1030688884',65),(312,'1019129371',65),(313,'1024553330',65),(314,'1012450563',65),(315,'1233896748',65),(316,'1012400141',65),(317,'1033798003',65),(318,'52819522',65),(319,'1018482181',65),(320,'1032478112',66),(321,'1032476156',66),(322,'1010210079',66),(323,'45528486',66),(324,'1012409896',66),(325,'1065895878',67),(326,'1233903691',67),(327,'52227052',67),(328,'1016075645',67),(329,'1233904370',67),(330,'45528486',64),(331,'52227052',68),(332,'1016075645',68),(333,'1233903691',68),(334,'1031131041',69),(335,'1030640896',69),(336,'1083907127',69),(337,'1015450304',69),(338,'1019069025',69),(339,'53168013',69),(340,'1020760147',69),(341,'1032474429',69),(342,'1023002353',69),(343,'1062904044',69),(344,'52447270',69),(345,'1031146650',70),(346,'1010243077',70),(347,'52832351',70),(348,'1033738820',70),(349,'1030641921',70),(350,'1013664215',70),(351,'1030633291',70),(352,'1032478112',70),(353,'1233492949',70),(354,'1022391368',70),(355,'52447270',70),(356,'1022391368',72),(357,'1013636430',73),(358,'1001077053',73),(359,'1018443680',73),(360,'1013611562',73),(361,'1019127295',73),(362,'1067851999',73),(363,'1152707990',73),(364,'1022399290',73),(365,'1018460186',73),(366,'1072651653',73),(367,'1013672070',73),(368,'1012393903',73),(369,'1024553980',73),(370,'15049486',73),(371,'52360965',75),(372,'80827698',75),(373,'1015425844',75),(374,'1030680595',75),(375,'1026295978',75),(376,'1030688884',75),(377,'1019129371',75),(378,'52161167',75),(379,'1013611562',75),(380,'1018443680',75),(381,'1026299913',75),(382,'1024575418',75),(383,'1020841609',75),(384,'1026582055',75),(385,'1026282992',75),(386,'1018473819',75),(387,'52819522',75),(388,'52861352',75),(389,'1024553330',75),(390,'1023961972',75),(391,'1023950219',75),(392,'1012437645',75),(393,'53154249',75),(394,'1020815741',75),(395,'1033751505',75),(396,'1031160352',75),(397,'1012400141',75),(398,'1012450563',75),(399,'1022383416',75),(400,'1018482181',75),(401,'1233896748',75),(402,'1102868200',75),(403,'1109382654',75),(404,'45528486',75),(405,'1010210079',75),(406,'1032476156',75),(407,'52227052',75),(408,'1151954755',75),(409,'1016075645',75),(410,'1233903691',75),(411,'1012428273',75),(412,'1012431154',75),(413,'1033798003',75),(414,'1012432976',75),(415,'1016108573',75),(416,'1033782790',75),(417,'1033792162',75),(418,'1015466182',75),(419,'53167630',75),(420,'1024584158',75),(421,'52495703',76),(422,'94534764',76),(423,'79572170',77),(424,'1022439400',77),(425,'1023923155',77),(426,'80833526',77),(427,'1070921458',77),(428,'52342696',77),(429,'53911263',77),(430,'1023034432',77),(431,'1023897648',77),(432,'1106893809',77),(433,'1007530743',77),(434,'1057436359',77),(435,'49739229',77),(436,'66813083',77),(437,'1016088759',77),(438,'6002453',77),(439,'16161764',77),(440,'53168013',77),(441,'1023955248',77),(445,'1023864048',76),(446,'14211392',76),(448,'1023002353',81),(450,'1030640896',81),(451,'52447270',81),(452,'1015455532',81),(453,'1083907127',81),(454,'1019069025',81),(455,'1033751505',81),(456,'1020760147',81),(457,'1015450304',81),(458,'1031146650',82),(459,'1010243077',82),(460,'52832351',82),(461,'1030641921',82),(462,'1013664215',82),(463,'1030633291',82),(464,'1032478112',82),(465,'1233492949',82),(466,'1067851999',84),(467,'1012393903',84),(468,'1152707990',84),(469,'1013672070',84),(470,'1024553980',84),(471,'1022399290',84),(472,'1072651653',84),(473,'1022439400',85),(474,'1032474429',86),(475,'1030640896',86),(476,'1233488381',86),(477,'1083907127',86),(478,'1023945083',86),(479,'1026295368',86),(480,'1101816353',86),(481,'1033738820',86),(482,'1065895878',86),(483,'1069403172',86),(484,'1030633291',86),(485,'1010243077',86),(486,'1020760147',86),(487,'45528486',89),(488,'6002453',89),(489,'1032476156',89),(490,'1010210079',89),(491,'1012409896',89),(492,'45528486',88),(493,'1032476156',88),(494,'1010210079',88),(496,'1012409896',88),(499,'1013611562',88),(500,'80096639',88),(502,'45528486',90),(503,'1032476156',90),(504,'1010210079',90),(507,'1012409896',90),(508,'1013611562',90),(510,'80096639',90),(513,'52861352',91),(514,'1033798003',91),(515,'1070614722',91),(516,'1018443680',91),(517,'1016108573',91),(518,'1012438377',91),(519,'52819522',91),(520,'1023961972',91),(521,'1026299913',91),(522,'1024553330',91),(523,'1026282992',91),(524,'1024575418',91),(525,'1026295978',91),(526,'1026582055',91),(527,'1023950219',91),(529,'1032478112',93),(530,'1012458898',93),(531,'1012444777',93),(532,'1020810058',93),(533,'1069403172',93),(534,'1023002353',93),(535,'1026295368',93),(536,'1101816353',93),(537,'52753698',93),(538,'1019127659',93),(539,'1012445448',93),(540,'80190288',93),(541,'1014274054',93),(542,'1015459063',93),(543,'1030640896',93),(544,'1023881241',93),(545,'1033719990',92),(546,'1032474429',92),(547,'52832351',92),(548,'1012422094',92),(549,'1022440840',92),(550,'1033738820',92),(551,'1010243077',92),(552,'1233488381',92),(553,'1022439355',92),(554,'1030633291',92),(555,'1233492949',92),(556,'1030641921',92),(557,'1024562963',92),(558,'1022391368',92),(559,'1031131041',92),(560,'1012438436',94),(561,'1027523358',94),(562,'1026298378',94),(563,'1069053059',94),(564,'1032406190',94),(565,'52760942',94),(566,'1233496393',94),(567,'1006595301',94),(568,'1019019201',94),(569,'1074959235',94),(570,'1012420674',94),(571,'1022323457',94),(572,'1016093334',94),(573,'52996310',94),(574,'1019069025',96),(575,'52443475',96),(576,'1013664215',96),(577,'52447270',96),(578,'1020760147',96),(579,'1031164967',96),(580,'1065895878',96),(581,'1012380297',96),(582,'1019135392',96),(583,'53135850',96),(584,'1024551965',96),(585,'1018495268',96),(586,'1012447533',96),(587,'25292452',96),(588,'1032479819',96),(589,'52379137',96),(590,'1014250156',96),(591,'1013683312',96),(592,'1015450304',96),(593,'1003556865',96),(594,'1031155866',96),(595,'1070618798',96),(596,'1023945083',96),(597,'1019069025',98),(598,'52443475',98),(599,'1013664215',98),(600,'52447270',98),(601,'1020760147',98),(602,'1031164967',98),(603,'1065895878',98),(604,'1012380297',98),(605,'1019135392',98),(606,'53135850',98),(607,'1024551965',98),(608,'1018495268',98),(609,'1012447533',98),(610,'25292452',98),(611,'1032479819',98),(612,'52379137',98),(613,'1014250156',98),(614,'1013683312',98),(615,'1015450304',98),(616,'1003556865',98),(617,'1031155866',98),(618,'1070618798',98),(619,'1023945083',98),(620,'1033719990',99),(621,'1032474429',99),(622,'52832351',99),(623,'1012422094',99),(624,'1022440840',99),(625,'1033738820',99),(626,'1010243077',99),(627,'1233488381',99),(628,'1022439355',99),(629,'1030633291',99),(630,'1233492949',99),(631,'1030641921',99),(632,'1024562963',99),(633,'1022391368',99),(634,'1031131041',99),(635,'1024499135',100),(636,'1032478112',100),(637,'1012458898',100),(638,'1012444777',100),(639,'1020810058',100),(640,'1069403172',100),(641,'1023002353',100),(642,'1026295368',100),(643,'1101816353',100),(644,'52753698',100),(645,'1019127659',100),(646,'1012445448',100),(647,'80190288',100),(648,'1014274054',100),(649,'1015459063',100),(650,'1030640896',100),(651,'1023881241',100),(652,'1032481402',95),(653,'1010228520',95),(654,'63251152',95),(655,'1053324927',95),(656,'1015446925',95),(657,'1010232304',95),(658,'39564623',95),(659,'1026251247',95),(660,'1016076557',95),(661,'1019101049',95),(662,'1024511103',95),(663,'1071549444',95),(664,'39639137',95),(665,'1030688884',95),(666,'1023945975',95),(667,'52203639',95),(668,'45514645',95),(669,'37334141',95),(670,'1013632969',90),(671,'1023957812',90),(672,'52269156',90),(673,'1013632969',102),(674,'1023957812',102),(675,'52269156',102),(676,'52819522',91),(677,'52360965',91),(678,'45528486',91),(679,'1015425844',91),(680,'1012437645',91),(681,'1026282992',91),(682,'1022383416',91),(683,'53167630',91),(684,'1233903691',91),(685,'1033798003',91),(686,'1026295978',91),(687,'52161167',91),(688,'1033792162',91),(689,'1012432976',91),(690,'1233904370',91),(691,'1070614722',91),(692,'1010222719',91),(693,'1012438377',91),(694,'1018482181',91),(695,'1019127295',91),(696,'1151954755',91),(697,'52861352',91),(698,'1013611562',91),(699,'1026275520',91),(700,'1030680595',91),(701,'1102868200',91),(702,'1030688884',91),(703,'1024575418',91),(704,'1026284247',91),(705,'53154249',91),(706,'1020841609',91),(707,'1019094026',91),(708,'1032476156',91),(709,'80096639',91),(710,'1020815741',91),(711,'80827698',91),(712,'1016021424',91),(713,'1001077053',91),(714,'1110521319',91),(715,'1018443680',91),(716,'1010210079',91),(717,'1023961972',91),(718,'1024553330',91),(719,'1026582055',91),(720,'1012431154',91),(721,'1023959465',91),(722,'1023950219',91),(723,'1012409896',91),(724,'1109382654',91),(725,'1012400141',91),(726,'1019129371',91),(727,'1033751505',91),(728,'1031160352',91),(729,'1018473819',91),(730,'1012450563',91),(731,'1233896748',91),(732,'1016075645',91),(733,'1016108573',91),(734,'52227052',91),(735,'1033782790',91),(736,'1024584158',91),(737,'1026299913',91),(738,'1012428273',91),(819,'1014256903',105),(820,'52495703',105),(821,'1023864048',105),(913,'1022439400',106),(914,'1070921458',106),(915,'79572170',106),(916,'1023923155',106),(917,'52054391',104),(918,'49739229',104),(919,'94380141',104),(920,'1016088759',104),(921,'66813083',104),(922,'14211392',104),(923,'51654659',104),(929,'52819522',124),(930,'1024511103',124),(931,'1023923155',124),(932,'1023034432',124),(933,'1106893809',124);
/*!40000 ALTER TABLE `asigempleado` ENABLE KEYS */;
UNLOCK TABLES;

--
-- Table structure for table `asigmodulo`
--

DROP TABLE IF EXISTS `asigmodulo`;
/*!40101 SET @saved_cs_client     = @@character_set_client */;
/*!40101 SET character_set_client = utf8 */;
CREATE TABLE `asigmodulo` (
  `idAsigModulo` int(10) NOT NULL AUTO_INCREMENT,
  `idProgramacion` int(10) DEFAULT NULL,
  `idCapacitador` varchar(100) DEFAULT NULL,
  `idModulo` int(10) DEFAULT NULL,
  `observacion` varchar(45) DEFAULT NULL,
  PRIMARY KEY (`idAsigModulo`),
  KEY `fk_AsigModulo_idProgramacion1_idx` (`idProgramacion`),
  KEY `fk_AsigModulo_idModulo1_idx` (`idModulo`),
  KEY `fk_AsigModulo_idCapacitador1_idx` (`idCapacitador`),
  CONSTRAINT `fk_AsigModulo_idCapacitador1` FOREIGN KEY (`idCapacitador`) REFERENCES `capacitador` (`documento`) ON DELETE NO ACTION ON UPDATE NO ACTION,
  CONSTRAINT `fk_AsigModulo_idProgramacion1` FOREIGN KEY (`idProgramacion`) REFERENCES `programacion` (`idProgramacion`) ON DELETE NO ACTION ON UPDATE NO ACTION,
  CONSTRAINT `fk_AsigModulo_idTema1` FOREIGN KEY (`idModulo`) REFERENCES `modulo` (`idModulo`) ON DELETE NO ACTION ON UPDATE NO ACTION
) ENGINE=InnoDB AUTO_INCREMENT=296 DEFAULT CHARSET=latin1;
/*!40101 SET character_set_client = @saved_cs_client */;

--
-- Dumping data for table `asigmodulo`
--

LOCK TABLES `asigmodulo` WRITE;
/*!40000 ALTER TABLE `asigmodulo` DISABLE KEYS */;
INSERT INTO `asigmodulo` VALUES (99,64,'14211392',38,NULL),(100,65,'14211392',39,NULL),(101,66,'14211392',38,NULL),(102,67,'14211392',38,NULL),(103,68,'15049486',41,NULL),(104,69,'14211392',42,NULL),(105,70,'14211392',42,NULL),(106,71,'14211392',32,NULL),(107,72,'14211392',32,NULL),(108,73,'0',43,NULL),(109,74,'14211392',20,NULL),(110,74,'14211392',14,NULL),(111,75,'16161764',39,NULL),(112,76,'15049486',36,NULL),(113,77,'14211392',39,NULL),(115,78,'14211392',31,NULL),(116,81,'0',43,NULL),(117,82,'0',43,NULL),(118,84,'14211392',43,NULL),(119,85,'14211392',42,NULL),(120,85,'14211392',43,NULL),(124,86,'1067851999',43,NULL),(125,88,'14211392',19,NULL),(126,89,'14211392',20,NULL),(127,88,'14211392',20,NULL),(128,90,'14211392',20,NULL),(129,91,'16161764',20,NULL),(130,91,'16161764',19,NULL),(131,93,'14211392',32,NULL),(132,93,'14211392',32,NULL),(133,92,'14211392',42,NULL),(134,94,'14211392',43,NULL),(135,94,'14211392',42,NULL),(136,94,'14211392',42,NULL),(137,96,'14211392',43,NULL),(138,98,'14211392',42,NULL),(139,99,'14211392',42,NULL),(140,100,'14211392',43,NULL),(141,101,'14211392',42,NULL),(142,90,'11524461',17,NULL),(145,102,'80096639',12,NULL),(146,102,'80096639',12,NULL),(147,102,'80096639',12,NULL),(148,91,'80096639',12,NULL),(149,91,'80096639',12,NULL),(150,91,'80096639',12,NULL),(151,91,'80096639',12,NULL),(152,91,'80096639',12,NULL),(153,91,'80096639',12,NULL),(154,91,'80096639',12,NULL),(155,91,'80096639',12,NULL),(156,91,'80096639',12,NULL),(157,91,'80096639',12,NULL),(158,91,'80096639',12,NULL),(159,91,'80096639',12,NULL),(160,91,'80096639',12,NULL),(161,91,'80096639',12,NULL),(162,91,'80096639',12,NULL),(163,91,'80096639',12,NULL),(164,91,'80096639',12,NULL),(165,91,'80096639',12,NULL),(166,91,'80096639',12,NULL),(167,91,'80096639',12,NULL),(168,91,'80096639',12,NULL),(169,91,'80096639',12,NULL),(170,91,'80096639',12,NULL),(171,91,'80096639',12,NULL),(172,91,'80096639',12,NULL),(173,91,'80096639',12,NULL),(174,91,'80096639',12,NULL),(175,91,'80096639',12,NULL),(176,91,'80096639',12,NULL),(177,91,'80096639',12,NULL),(178,91,'80096639',12,NULL),(179,91,'80096639',12,NULL),(180,91,'80096639',12,NULL),(181,91,'80096639',12,NULL),(182,91,'80096639',12,NULL),(183,91,'80096639',12,NULL),(184,91,'80096639',12,NULL),(185,91,'80096639',12,NULL),(186,91,'80096639',12,NULL),(187,91,'80096639',12,NULL),(188,91,'80096639',12,NULL),(189,91,'80096639',12,NULL),(190,91,'80096639',12,NULL),(191,91,'80096639',12,NULL),(192,91,'80096639',12,NULL),(193,91,'80096639',12,NULL),(194,91,'80096639',12,NULL),(195,91,'80096639',12,NULL),(196,91,'80096639',12,NULL),(197,91,'80096639',12,NULL),(198,91,'80096639',12,NULL),(199,91,'80096639',12,NULL),(200,91,'80096639',12,NULL),(201,91,'80096639',12,NULL),(202,91,'80096639',12,NULL),(203,91,'80096639',12,NULL),(204,91,'80096639',12,NULL),(205,91,'80096639',12,NULL),(206,91,'80096639',12,NULL),(207,91,'80096639',12,NULL),(208,91,'80096639',12,NULL),(209,91,'80096639',12,NULL),(210,91,'80096639',12,NULL),(287,105,'15049486',12,NULL),(291,106,'80096639',14,NULL),(292,104,'16161764',43,NULL),(293,95,'15049486',42,NULL),(295,124,'14211392',43,NULL);
/*!40000 ALTER TABLE `asigmodulo` ENABLE KEYS */;
UNLOCK TABLES;

--
-- Table structure for table `asigtema`
--

DROP TABLE IF EXISTS `asigtema`;
/*!40101 SET @saved_cs_client     = @@character_set_client */;
/*!40101 SET character_set_client = utf8 */;
CREATE TABLE `asigtema` (
  `idAsigTema` int(10) NOT NULL AUTO_INCREMENT,
  `idModulo` int(10) DEFAULT NULL,
  `idTema` int(10) DEFAULT NULL,
  PRIMARY KEY (`idAsigTema`),
  KEY `fk_AsigTema_idModulo1_idx` (`idModulo`),
  KEY `fk_AsigTema_idTema1_idx` (`idTema`),
  CONSTRAINT `fk_AsigTema_idModulo1` FOREIGN KEY (`idModulo`) REFERENCES `modulo` (`idModulo`) ON DELETE NO ACTION ON UPDATE NO ACTION,
  CONSTRAINT `fk_AsigTema_idTema1` FOREIGN KEY (`idTema`) REFERENCES `tema` (`idTema`) ON DELETE NO ACTION ON UPDATE NO ACTION
) ENGINE=InnoDB DEFAULT CHARSET=latin1;
/*!40101 SET character_set_client = @saved_cs_client */;

--
-- Dumping data for table `asigtema`
--

LOCK TABLES `asigtema` WRITE;
/*!40000 ALTER TABLE `asigtema` DISABLE KEYS */;
/*!40000 ALTER TABLE `asigtema` ENABLE KEYS */;
UNLOCK TABLES;

--
-- Table structure for table `capacitador`
--

DROP TABLE IF EXISTS `capacitador`;
/*!40101 SET @saved_cs_client     = @@character_set_client */;
/*!40101 SET character_set_client = utf8 */;
CREATE TABLE `capacitador` (
  `documento` varchar(100) NOT NULL,
  `nombreCapacitador` varchar(100) DEFAULT NULL,
  `visibilidad` tinyint(1) NOT NULL,
  PRIMARY KEY (`documento`)
) ENGINE=InnoDB DEFAULT CHARSET=latin1;
/*!40101 SET character_set_client = @saved_cs_client */;

--
-- Dumping data for table `capacitador`
--

LOCK TABLES `capacitador` WRITE;
/*!40000 ALTER TABLE `capacitador` DISABLE KEYS */;
INSERT INTO `capacitador` VALUES ('0','ANDRES LEONARDO BOLIVAR ZIPAQUIRA',0),('1016021424','JORGE ANDRES SALAZAR GIRALDO',1),('1067851999',' SAMIR CAVADIA OLEA',1),('11524461','ANDRES LEONARDO BOLIVAR ZIPAQUIRA',1),('14211392','RAFAEL CESPEDES VARON',1),('15049486','EMERSON GUSTAVO RICARDO JARABA',1),('16161764','ALEXANDER HENAO CAMACHO',1),('49739229','IDALMIS DEL CARMEN TORRES BARRERA',1),('79572170','ORLANDO OCHOA HERRERO',1),('80096639','	JOHAN MANUEL CHAPARRO MENDOZA',1);
/*!40000 ALTER TABLE `capacitador` ENABLE KEYS */;
UNLOCK TABLES;

--
-- Temporary table structure for view `cargarempleado`
--

DROP TABLE IF EXISTS `cargarempleado`;
/*!50001 DROP VIEW IF EXISTS `cargarempleado`*/;
SET @saved_cs_client     = @@character_set_client;
SET character_set_client = utf8;
/*!50001 CREATE TABLE `cargarempleado` (
  `nombreCompleto` tinyint NOT NULL,
  `documento` tinyint NOT NULL,
  `telefono` tinyint NOT NULL,
  `visibilidad` tinyint NOT NULL,
  `correoElectronico` tinyint NOT NULL,
  `fechaInicioLaboral` tinyint NOT NULL,
  `fechaFin` tinyint NOT NULL,
  `empresa` tinyint NOT NULL,
  `numContrato` tinyint NOT NULL,
  `idContrato` tinyint NOT NULL,
  `cargo` tinyint NOT NULL,
  `Tipocontrato` tinyint NOT NULL,
  `idTipoCon` tinyint NOT NULL,
  `idDep` tinyint NOT NULL,
  `area` tinyint NOT NULL,
  `nivelEscolar` tinyint NOT NULL,
  `idTipoNiv` tinyint NOT NULL
) ENGINE=MyISAM */;
SET character_set_client = @saved_cs_client;

--
-- Temporary table structure for view `consultarcapempleado`
--

DROP TABLE IF EXISTS `consultarcapempleado`;
/*!50001 DROP VIEW IF EXISTS `consultarcapempleado`*/;
SET @saved_cs_client     = @@character_set_client;
SET character_set_client = utf8;
/*!50001 CREATE TABLE `consultarcapempleado` (
  `nombreCompleto` tinyint NOT NULL,
  `documento` tinyint NOT NULL,
  `estado` tinyint NOT NULL,
  `observaciones` tinyint NOT NULL,
  `calificacion` tinyint NOT NULL,
  `nombreModulo` tinyint NOT NULL,
  `fechaFin` tinyint NOT NULL,
  `modalidad` tinyint NOT NULL,
  `tipoCapacitacion` tinyint NOT NULL,
  `nivel` tinyint NOT NULL,
  `visibilidad` tinyint NOT NULL
) ENGINE=MyISAM */;
SET character_set_client = @saved_cs_client;

--
-- Temporary table structure for view `consultareprobados`
--

DROP TABLE IF EXISTS `consultareprobados`;
/*!50001 DROP VIEW IF EXISTS `consultareprobados`*/;
SET @saved_cs_client     = @@character_set_client;
SET character_set_client = utf8;
/*!50001 CREATE TABLE `consultareprobados` (
  `documento` tinyint NOT NULL,
  `nombreCompleto` tinyint NOT NULL,
  `calificacion` tinyint NOT NULL,
  `tipoCapacitacion` tinyint NOT NULL,
  `nivel` tinyint NOT NULL,
  `fecha` tinyint NOT NULL,
  `idProgramacion` tinyint NOT NULL,
  `idModulo` tinyint NOT NULL,
  `nombreModulo` tinyint NOT NULL,
  `aprobado` tinyint NOT NULL
) ENGINE=MyISAM */;
SET character_set_client = @saved_cs_client;

--
-- Temporary table structure for view `consultarmodcycp`
--

DROP TABLE IF EXISTS `consultarmodcycp`;
/*!50001 DROP VIEW IF EXISTS `consultarmodcycp`*/;
SET @saved_cs_client     = @@character_set_client;
SET character_set_client = utf8;
/*!50001 CREATE TABLE `consultarmodcycp` (
  `CyCP` tinyint NOT NULL,
  `nombreModulo` tinyint NOT NULL
) ENGINE=MyISAM */;
SET character_set_client = @saved_cs_client;

--
-- Temporary table structure for view `consultarmodgfc`
--

DROP TABLE IF EXISTS `consultarmodgfc`;
/*!50001 DROP VIEW IF EXISTS `consultarmodgfc`*/;
SET @saved_cs_client     = @@character_set_client;
SET character_set_client = utf8;
/*!50001 CREATE TABLE `consultarmodgfc` (
  `GFC` tinyint NOT NULL,
  `nombreModulo` tinyint NOT NULL
) ENGINE=MyISAM */;
SET character_set_client = @saved_cs_client;

--
-- Table structure for table `contrato`
--

DROP TABLE IF EXISTS `contrato`;
/*!40101 SET @saved_cs_client     = @@character_set_client */;
/*!40101 SET character_set_client = utf8 */;
CREATE TABLE `contrato` (
  `idContrato` int(11) NOT NULL AUTO_INCREMENT,
  `numContrato` varchar(45) DEFAULT NULL,
  `fechaInicioLaboral` date DEFAULT NULL,
  `fechaTerminacionContrato` varchar(45) DEFAULT NULL,
  `tipoContrato_idtipoContrato` int(11) DEFAULT NULL,
  `empresa` varchar(45) DEFAULT NULL,
  `visibilidad` tinyint(1) DEFAULT NULL,
  `cargo` varchar(45) DEFAULT NULL,
  PRIMARY KEY (`idContrato`),
  KEY `fk_Contrato_tipoContrato1_idx` (`tipoContrato_idtipoContrato`),
  CONSTRAINT `fk_Contrato_tipoContrato1` FOREIGN KEY (`tipoContrato_idtipoContrato`) REFERENCES `tipocontrato` (`idtipoContrato`) ON DELETE NO ACTION ON UPDATE NO ACTION
) ENGINE=InnoDB AUTO_INCREMENT=1168 DEFAULT CHARSET=latin1;
/*!40101 SET character_set_client = @saved_cs_client */;

--
-- Dumping data for table `contrato`
--

LOCK TABLES `contrato` WRITE;
/*!40000 ALTER TABLE `contrato` DISABLE KEYS */;
INSERT INTO `contrato` VALUES (949,'0-009','2013-02-01','',2,'GF',1,NULL),(950,'0-426','2016-01-18','',2,'CyCP',1,NULL),(951,'0-006','2011-09-16',NULL,2,'GF',1,NULL),(952,'0-556','2016-06-27',NULL,2,'CYCP',1,NULL),(953,'0-648','2017-06-12','Definido 4 Meses',1,'GF',1,NULL),(954,'0-377','2015-11-17',NULL,2,'CYCP',1,NULL),(955,'0-576','2016-07-05',NULL,2,'GF',1,NULL),(956,'0-357','2015-09-16',NULL,2,'GF',1,NULL),(957,'0-545','2016-07-05',NULL,2,'GF',1,NULL),(958,'0-688','2017-09-13','Definido 4 Meses',1,'GF',1,NULL),(959,'0-001','2008-06-18',NULL,2,'GF',1,NULL),(960,'0-584','2016-07-25',NULL,2,'CYCP',1,NULL),(961,'0-003','2010-10-16',NULL,2,'GF',1,NULL),(962,'0-543','2016-07-05',NULL,2,'GF',1,NULL),(963,'0-619','2017-01-01',NULL,2,'CYCP',1,NULL),(964,'0-547','2016-07-06',NULL,2,'GF',1,NULL),(965,'0-541','2016-06-22',NULL,2,'GF',1,NULL),(966,'0-682','2017-09-04','Definido 4 Meses',1,'GF',1,NULL),(967,'0-642','2017-05-02','07 de Febrero de 2018',3,'GF',1,NULL),(968,'0-434','2015-12-01',NULL,2,'CYCP',1,NULL),(969,'0-704','2017-09-26','Definido 4 Meses',1,'GF',1,NULL),(970,'0-353','2015-09-16',NULL,2,'CYCP',1,NULL),(971,'0-053','2014-05-02',NULL,2,'GF',1,NULL),(972,'0-496','2016-04-04',NULL,2,'CYCP',1,NULL),(973,'0-657','2017-06-23','Definido 2 Meses',1,'GF',1,NULL),(974,'0-647','2017-06-12','Definido 4 Meses',1,'GF',1,'Analista'),(975,'0-489','2016-04-04',NULL,2,'CYCP',1,NULL),(976,'0-332','2015-09-16',NULL,2,'CYCP',1,NULL),(977,'0-403','2015-11-17',NULL,2,'GF',1,NULL),(978,'0-695','2017-09-21','Definido 4 Meses',1,'GF',1,NULL),(979,'0-386','2015-11-17',NULL,2,'CYCP',1,NULL),(980,'0-309','2015-06-16',NULL,2,'CYCP',1,NULL),(981,'0-011','2014-05-02',NULL,2,'CYCP',1,NULL),(982,'0-471','2016-03-17',NULL,2,'CYCP',1,NULL),(983,'0-446','2016-02-16',NULL,2,'CYCP',1,NULL),(984,'0-542','2016-07-05',NULL,2,'GF',1,NULL),(985,'0-318','2015-10-19',NULL,2,'CYCP',1,NULL),(986,'0-341','2015-09-16',NULL,2,'CYCP',1,NULL),(987,'0-587','2016-08-01',NULL,2,'CYCP',1,NULL),(988,'0-633','2017-04-01','Definido 4 Meses',1,'CYCP',1,NULL),(989,'0-458','2016-04-01',NULL,2,'CYCP',1,NULL),(990,'0-524','2016-04-20',NULL,2,'CYCP',1,NULL),(991,'0-195','2015-02-16',NULL,2,'CYCP',1,NULL),(992,'0-005','2011-09-01',NULL,2,'GF',1,NULL),(993,'0-661','2017-08-01','Definido 4 Meses',1,'CYCP',1,NULL),(994,'0-628','2017-01-01',NULL,2,'GF',1,NULL),(995,'0-102','2014-08-04',NULL,2,'GF',1,'Coordinador'),(996,'0-603','2016-10-10',NULL,2,'GF',1,NULL),(997,'0-347','2015-08-18',NULL,2,'GF',1,NULL),(998,'0-604','2016-10-10','Compensar 6 Meses ',1,'CYCP',1,NULL),(999,'0-615','2016-10-26','10 de Abril de 2018',3,'GF',1,NULL),(1000,'0-132','2014-10-16',NULL,2,'CYCP',1,NULL),(1001,'0-687','2017-09-13','Definido 4 Meses',1,'GF',1,NULL),(1002,'0-673','2017-08-17','Definido 4 Meses',1,'GF',1,NULL),(1003,'0-488','2016-04-04',NULL,2,'CYCP',1,NULL),(1004,'0-660','2017-07-25','13 de Septiembre de 2018',3,'CYCP',1,NULL),(1005,'0-501','2016-05-17','Compensar 6 Meses',2,'GF',1,NULL),(1006,'0-696','2017-09-21','Definido 4 Meses',1,'GF',1,NULL),(1007,'0-346','2015-08-18',NULL,2,'GF',1,NULL),(1008,'0-363','2015-10-19',NULL,2,'CYCP',1,NULL),(1009,'0-279','2015-04-16',NULL,2,'CYCP',1,NULL),(1010,'0-689','2017-09-13','Definido 4 Meses',1,'GF',1,NULL),(1011,'0-344','2015-09-16',NULL,2,'CYCP',1,NULL),(1012,'0-523','2016-04-18',NULL,2,'CYCP',1,NULL),(1013,'0-065','2014-09-01',NULL,2,'CYCP',1,NULL),(1014,'0-483','2016-03-17',NULL,2,'CYCP',1,NULL),(1015,'0-629','2017-02-27','Definido 2 Meses',2,'CYCP',1,NULL),(1016,'0-621','2016-10-31','Definido 4 Meses',1,'GF',1,NULL),(1017,'0-607','2016-10-10','Compensar 6 Meses ',1,'GF',1,NULL),(1018,'0-520','2016-04-18',NULL,2,'CYCP',1,NULL),(1019,'0-641','2017-04-19','Compensar 6 Meses ',1,'CYCP',1,NULL),(1020,'0-539','2016-04-22','1 Año',1,'CYCP',1,NULL),(1021,'0-502','2016-04-18',NULL,2,'CYCP',1,NULL),(1022,'0-466','2016-05-03',NULL,2,'GF',1,NULL),(1023,'0-651','2017-05-02','Compensar 6 Meses',1,'CYCP',1,NULL),(1024,'0-489C','2016-05-16',NULL,2,'GF',1,NULL),(1025,'0-651','2017-06-20',NULL,2,'GF',1,NULL),(1026,'0-013','2013-04-16',NULL,2,'GF',1,NULL),(1027,'0-675','2017-08-28','Definido 4 Meses',1,'GF',1,NULL),(1028,'0-515','2016-04-18',NULL,2,'CYCP',1,NULL),(1029,'0-694','2017-09-21','Definido 4 Meses',1,'GF',1,NULL),(1030,'0-572','2016-07-12',NULL,1,'GF',1,NULL),(1031,'0-657','2017-06-08','Definido 4 Meses',1,'CYCP',1,NULL),(1032,'0-550','2016-06-16',NULL,2,'CYCP',1,NULL),(1033,'0-641','2017-03-02','Definido 4 Meses',1,'GF',1,NULL),(1034,'0-365','2015-10-19',NULL,2,'CYCP',1,NULL),(1035,'0-407','2015-11-17',NULL,2,'GF',1,NULL),(1036,'0-483','2016-05-02',NULL,2,'GF',1,NULL),(1037,'0-418','2015-11-17',NULL,2,'CYCP',1,NULL),(1038,'0-650','2017-05-02','Compensar 6 Meses',1,'CYCP',1,NULL),(1039,'0-499','2016-04-14',NULL,2,'CYCP',1,NULL),(1040,'0-684','2017-09-04','Definido 4 Meses',1,'GF',1,NULL),(1041,'0-400','2015-11-17',NULL,2,'CYCP',1,NULL),(1042,'0-373','2015-11-03',NULL,2,'CYCP',1,NULL),(1043,'0-506','2016-04-18',NULL,2,'CYCP',1,NULL),(1044,'0-655','2017-05-02','Compensar 6 Meses',1,'CYCP',1,NULL),(1045,'0-525','2016-05-19',NULL,2,'GF',1,NULL),(1046,'0-655','2017-06-23','Definido 4 Meses',1,'GF',1,NULL),(1047,'0-674','2017-08-17','Definido 4 Meses',1,'GF',1,NULL),(1048,'0-486','2016-04-04',NULL,2,'CYCP',1,NULL),(1049,'0-517','2016-04-18',NULL,2,'CYCP',1,NULL),(1050,'0-354','2015-09-16',NULL,2,'GF',1,NULL),(1051,'0-405','2015-11-17',NULL,2,'GF',1,NULL),(1052,'0-579','2016-07-25',NULL,2,'CYCP',1,NULL),(1053,'0-487','2016-04-04',NULL,2,'CYCP',1,NULL),(1054,'0-575','2016-08-17','Compensar 6 Meses',2,'GF',1,NULL),(1055,'0-590','2016-09-29','Compensar 6 Meses',1,'GF',1,NULL),(1056,'0-656','2017-06-27','Definido 4 Meses',1,'GF',1,NULL),(1057,'0-439','2016-02-22','Compensar 6 Meses',2,'GF',1,NULL),(1058,'0-661','2017-07-04','Definido 4 Meses',1,'GF',1,NULL),(1059,'0-658','2017-07-07','17 de Abril de 2019',3,'CYCP',1,NULL),(1060,'0-589','2016-09-29','Compensar 6 Meses',1,'GF',1,NULL),(1061,'0-449','2016-02-16',NULL,2,'CYCP',1,NULL),(1062,'0-671','2017-08-17','Definido 4 Meses',1,'GF',1,NULL),(1063,'0-630','2017-02-27','Definido 2 Meses',2,'CYCP',1,NULL),(1064,'0-490','2016-05-16',NULL,2,'GF',1,NULL),(1065,'0-463','2016-05-03','1 Año / Pendiente Firma de Otro Si',1,'GF',1,NULL),(1066,'0-467','2016-03-17',NULL,2,'CYCP',1,NULL),(1067,'0-652','2017-05-02','Compensar 6 Meses',1,'CYCP',1,NULL),(1068,'0-624','2017-02-17','11 de Abril de 2018',3,'CYCP',1,NULL),(1069,'0-629','2017-03-16','21 de Agosto de 2018',3,'GF',1,NULL),(1070,'0-643','2017-04-19','Compensar 6 Meses ',1,'CYCP',1,NULL),(1071,'0-619','2016-10-31','Definido 4 Meses',1,'GF',1,NULL),(1072,'0-402','2015-12-01',NULL,2,'CYCP',1,NULL),(1073,'0-623','2017-02-04','10 de Abril de 2018',3,'CYCP',1,NULL),(1074,'0-490','2016-04-04',NULL,2,'CYCP',1,NULL),(1075,'0-594','2016-09-02',NULL,2,'CYCP',1,NULL),(1076,'0-659','2017-06-20','30 de Enero de 2018',3,'GF',1,NULL),(1077,'0-664','2017-09-20','19 de Marzo de 2018',3,'CYCP',1,NULL),(1078,'0-007','2012-05-16','Definido 2 Meses',1,'GF',1,NULL),(1079,'0-627','2017-02-23','25 de Enero 2018',3,'CYCP',1,NULL),(1080,'0-388','2015-10-19',NULL,2,'GF',1,NULL),(1081,'0-355','2015-09-16',NULL,2,'GF',1,NULL),(1082,'0-608','2016-10-10','Compensar 6 Meses ',1,'CYCP',1,NULL),(1083,'0-492','2016-05-16',NULL,2,'GF',1,NULL),(1084,'0-635','2017-04-06','Definido 4 Meses',1,'CYCP',1,NULL),(1085,'0-385','2015-10-19',NULL,2,'GF',1,NULL),(1086,'0-602','2016-10-10','Compensar 6 Meses ',1,'CYCP',1,NULL),(1087,'0-702','2017-09-25','Definido 4 Meses',1,'GF',1,NULL),(1088,'0-425','2015-12-01',NULL,2,'CYCP',1,NULL),(1089,'0-523','2016-06-01',NULL,2,'GF',1,NULL),(1090,'0-321','2015-08-18',NULL,2,'CYCP',1,NULL),(1091,'0-581','2016-07-25','1 Año',1,'CYCP',1,NULL),(1092,'0-658','2017-07-04','Definido 4 Meses',1,'GF',1,NULL),(1093,'0-477','2016-05-02',NULL,2,'GF',1,NULL),(1094,'0-650','2017-06-14','Definido 4 Meses',1,'GF',1,NULL),(1095,'0-578','2016-07-25',NULL,2,'CYCP',1,NULL),(1096,'0-470','2016-05-03',NULL,2,'GF',1,NULL),(1097,'0-612','2016-10-10','Compensar 6 Meses ',1,'CYCP',1,NULL),(1098,'0-322','2015-08-18',NULL,2,'CYCP',1,NULL),(1099,'0-401','2015-11-17',NULL,2,'CYCP',1,NULL),(1100,'0-646','2017-06-12','Definido 4 Meses',1,'GF',1,NULL),(1101,'0-665','2017-08-01','Definido 4 Meses',1,'GF',1,NULL),(1102,'0-392','2015-12-01',NULL,2,'CYCP',1,NULL),(1103,'0-605','2016-10-10','Compensar 6 Meses ',1,'GF',1,NULL),(1104,'0-677','2017-08-28','Definido 4 Meses',1,'GF',1,NULL),(1105,'0-539','2016-06-07',NULL,2,'GF',1,NULL),(1106,'0-652','2017-06-22','Definido 4 Meses',1,'GF',1,NULL),(1107,'0-647','2017-04-19','Compensar 6 Meses ',1,'CYCP',1,NULL),(1108,'0-679','2017-08-28','Definido 4 Meses',1,'GF',1,NULL),(1109,'0-504','2016-04-18','1 Año',1,'CYCP',1,NULL),(1110,'0-381','2015-11-17',NULL,2,'CYCP',1,NULL),(1111,'0-698','2017-09-25','Definido 4 Meses',1,'GF',1,NULL),(1112,'0-012','2014-05-02',NULL,2,'CYCP',1,NULL),(1113,'0-532','2016-06-07','1 Año / Pendiente Firma de Otro Si',1,'GF',1,NULL),(1114,'0-601','2016-10-10','Compensar 6 Meses ',1,'GF',1,NULL),(1115,'0-386','2015-10-19',NULL,2,'GF',1,NULL),(1116,'0-693','2017-09-21','Definido 4 Meses',1,'GF',1,NULL),(1117,'0-244','2015-04-16',NULL,2,'CYCP',1,NULL),(1118,'0-493','2016-05-16',NULL,2,'GF',1,NULL),(1119,'0-670','2017-08-08','Definido 4 Meses',1,'GF',1,NULL),(1120,'0-666','2017-08-01','21 de Agosto de 2018',3,'GF',1,NULL),(1121,'0-376','2015-12-01',NULL,2,'CYCP',1,NULL),(1122,'0-468','2016-03-17','1 Año',1,'CYCP',1,NULL),(1123,'0-518','2016-04-18',NULL,2,'CYCP',1,NULL),(1124,'0-686','2017-09-13','Definido 4 Meses',1,'GF',1,NULL),(1125,'0-685','2017-09-13','Definido 4 Meses',1,'GF',1,NULL),(1126,'0-466','2016-03-17',NULL,2,'CYCP',1,NULL),(1127,'0-664','2017-08-01','Definido 4 Meses',1,'GF',1,NULL),(1128,'0-474','2016-03-17',NULL,2,'CYCP',1,NULL),(1129,'0-697','2017-09-21','Definido 4 Meses',1,'GF',1,NULL),(1130,'0-226','2015-03-16',NULL,2,'CYCP',1,NULL),(1131,'0-572','2016-06-28',NULL,2,'CYCP',1,NULL),(1132,'0-463','2016-03-17',NULL,2,'CYCP',1,NULL),(1133,'0-349','2015-09-16',NULL,2,'CYCP',1,NULL),(1134,'0-493','2016-04-04',NULL,2,'CYCP',1,NULL),(1135,'0-692','2017-08-22',NULL,1,'GF',1,NULL),(1136,'0-606','2016-10-10','Compensar 6 Meses ',1,'GF',1,NULL),(1137,'0-683','2017-09-04','Definido 4 Meses',1,'GF',1,NULL),(1138,'0-485','2016-05-02',NULL,2,'GF',1,NULL),(1139,'0-397','2015-11-17',NULL,2,'CYCP',1,NULL),(1140,'0-563','2016-07-12',NULL,2,'GF',1,NULL),(1141,'0-595','2016-09-01',NULL,2,'CYCP',1,NULL),(1142,'0-438','2016-02-16',NULL,2,'CYCP',1,NULL),(1143,'0-021','2013-11-01',NULL,2,'GF',1,NULL),(1144,'0-495','2016-04-04',NULL,2,'CYCP',1,NULL),(1145,'0-476','2016-03-16',NULL,2,'CYCP',1,NULL),(1146,'0-042','2014-08-19',NULL,2,'CYCP',1,NULL),(1147,'0-175','2015-03-16',NULL,2,'GF',1,NULL),(1148,'0-699','2017-10-02','Definido 4 Meses',1,'GF',1,NULL),(1149,'0-634','2017-04-03','Definido 4 Meses',1,'CYCP',1,NULL),(1150,'0-487','2016-05-02',NULL,2,'GF',1,NULL),(1151,'0-491','2016-05-16',NULL,2,'GF',1,NULL),(1152,'0-663','2017-07-13','Definido 4 Meses',1,'GF',1,NULL),(1153,'0-350','2015-09-16',NULL,2,'GF',1,NULL),(1154,'0-653','2017-05-02','Compensar 6 Meses',1,'CYCP',1,NULL),(1155,'0-660','2017-07-04','Definido 4 Meses',1,'GF',1,NULL),(1156,'0-703','2017-09-25','Definido 4 Meses',1,'GF',1,NULL),(1157,'0-586','2016-07-25',NULL,2,'CYCP',1,NULL),(1158,'0-646','2017-04-19','Compensar 6 Meses ',1,'CYCP',1,NULL),(1159,'0-678','2017-08-28','Definido 4 Meses',1,'GF',1,NULL),(1160,'0-573','2016-07-12',NULL,2,'GF',1,NULL),(1161,'0-517','2016-05-23','Compensar 6 Meses',2,'GF',1,NULL),(1162,'0-680','2017-09-04','Definido 4 Meses',1,'GF',1,NULL),(1163,'0-681','2017-09-04','Definido 4 Meses',1,'GF',1,NULL),(1164,'0-659','2017-07-25','21 de Agosto de 2018',3,'CYCP',1,NULL),(1167,'12232222','2017-10-11','0000-00-00',2,'CYCP cobradores',0,NULL);
/*!40000 ALTER TABLE `contrato` ENABLE KEYS */;
UNLOCK TABLES;

--
-- Table structure for table `departamento`
--

DROP TABLE IF EXISTS `departamento`;
/*!40101 SET @saved_cs_client     = @@character_set_client */;
/*!40101 SET character_set_client = utf8 */;
CREATE TABLE `departamento` (
  `idDepartamento` int(10) NOT NULL AUTO_INCREMENT,
  `area` varchar(45) NOT NULL,
  PRIMARY KEY (`idDepartamento`)
) ENGINE=InnoDB AUTO_INCREMENT=12 DEFAULT CHARSET=latin1;
/*!40101 SET character_set_client = @saved_cs_client */;

--
-- Dumping data for table `departamento`
--

LOCK TABLES `departamento` WRITE;
/*!40000 ALTER TABLE `departamento` DISABLE KEYS */;
INSERT INTO `departamento` VALUES (1,'Calidad'),(2,'Cartera financiera'),(3,'Contabilidad'),(4,'Correspondencia'),(5,'Gestores de campo'),(6,'Gerencia'),(7,'Talento humano'),(8,'TIC'),(9,'Venta Directa'),(10,'Sin asignar'),(11,'Incapacitado');
/*!40000 ALTER TABLE `departamento` ENABLE KEYS */;
UNLOCK TABLES;

--
-- Table structure for table `empleado`
--

DROP TABLE IF EXISTS `empleado`;
/*!40101 SET @saved_cs_client     = @@character_set_client */;
/*!40101 SET character_set_client = utf8 */;
CREATE TABLE `empleado` (
  `documento` varchar(100) NOT NULL,
  `nombreCompleto` varchar(100) NOT NULL,
  `telefono` varchar(45) DEFAULT NULL,
  `correoElectronico` varchar(45) DEFAULT NULL,
  `Departamento_idDepartamento` int(11) NOT NULL,
  `Contrato_idContrato` int(11) NOT NULL,
  `TipoNivelEscolar_idtipoNivelEscolar` int(11) DEFAULT NULL,
  `visibilidad` tinyint(1) NOT NULL,
  `cargo` varchar(45) NOT NULL,
  PRIMARY KEY (`documento`),
  KEY `fk_Empleado_Contrato1_idx` (`Contrato_idContrato`),
  KEY `fk_Empleado_TipoNivelEscolar1_idx` (`TipoNivelEscolar_idtipoNivelEscolar`),
  KEY `fk_Empleado_Departamento1_idx` (`Departamento_idDepartamento`),
  CONSTRAINT `fk_Empleado_Contrato1` FOREIGN KEY (`Contrato_idContrato`) REFERENCES `contrato` (`idContrato`) ON DELETE NO ACTION ON UPDATE NO ACTION,
  CONSTRAINT `fk_Empleado_Departamento1` FOREIGN KEY (`Departamento_idDepartamento`) REFERENCES `departamento` (`idDepartamento`) ON DELETE NO ACTION ON UPDATE NO ACTION,
  CONSTRAINT `fk_Empleado_TipoNivelEscolar1` FOREIGN KEY (`TipoNivelEscolar_idtipoNivelEscolar`) REFERENCES `tiponivelescolar` (`idtipoNivelEscolar`) ON DELETE NO ACTION ON UPDATE NO ACTION
) ENGINE=InnoDB DEFAULT CHARSET=latin1;
/*!40101 SET character_set_client = @saved_cs_client */;

--
-- Dumping data for table `empleado`
--

LOCK TABLES `empleado` WRITE;
/*!40000 ALTER TABLE `empleado` DISABLE KEYS */;
INSERT INTO `empleado` VALUES ('1001077053','JORGE EDUARDO CRISTANCHO VEGA',NULL,'jocrisrap@hotmail.com',2,996,5,1,'Administrativo'),('1003556865','DIANA CAROLINA SERRANO RAMIREZ',NULL,'caro_lay102@hotmail.com',9,997,2,1,'Gestor'),('1006595301','JESSICA ANDREA RIOS RIOS',NULL,'jessyrioss230@gmail.com',9,998,5,1,'Gestor'),('1007530743','ANYI PAOLA SEGURA PAREDES',NULL,'angie196201@hotmail.com',7,999,5,1,'Aprendiz'),('1007556146','OSCAR LEONARDO GARRIDO GARCIA',NULL,'leonardo0771@hotmail.com',5,1000,5,1,'Gestor'),('1010210079','JULY TATIANA GARCIA CATOLICO',NULL,'logitoto671@gmail.com',2,1001,5,1,'Gestor'),('1010222719','DEIMER ADMIN VALERO HEREDIA',NULL,'dvalero@uan.edu.co',2,1002,5,1,'Gestor'),('1010228520','KATHERIN YIRLEY PENA CEBALLOS',NULL,'kathe_2005@outlook.com',9,1003,4,1,'Gestor'),('1010230628','EDISON ALEXANDER FLAUTERO RODRIGUEZ',NULL,'edizzonalex@gmail.com',10,1004,5,1,'Gestor'),('1010232304','FAVIAN LEONARDO LOAIZA YARA',NULL,'leonardoloaiza@hotmail.com',9,1005,2,1,'Gestor'),('1010243077','MARCELA CONTRERAS GONZALEZ',NULL,'marcecontreras55@gmail.com',9,1006,5,1,'Gestor'),('1012380297','ERIKA SMITH RODRIGUEZ CHIGUASUQUE',NULL,NULL,9,1007,5,1,'Gestor'),('1012393903','ANA MILENA GUAYANA TALERO',NULL,'ana.milena1306@live.com',9,1008,1,1,'Administrativo'),('1012400141','MAGDA ALEJANDRA MELO DIAZ',NULL,'magda_141516@hotmail.com',2,1009,1,1,'Gestor'),('1012409896','LUDY GISETH GUAYANA BERNAL',NULL,'dieguito23022009@gmail.com',2,1010,5,1,'Gestor'),('1012420674','DIEGO ALEJANDRO GUAYANA BERNAL',NULL,'diegoguayana@outbok.com',9,1011,2,1,'Gestor'),('1012422094','JUAN DAVID NINO VARGAS',NULL,'juan65verde@hotmsil.com',9,1012,1,1,'Gestor'),('1012428273','YESICA FERNANDA VARGAS DUENAS',NULL,'yesica.vargas@outlook.com',2,1013,1,1,'Gestor'),('1012431154','LEIDY DAYANA MELO DIAZ',NULL,'leiddy_2502@hotmail.com',2,1014,1,1,'Gestor'),('1012432976','CRISTIAN CAMILO GARCIA VIVAS',NULL,'laurayfelipe74@hotmail.com',2,1015,5,1,'Gestor'),('1012437645','ANGIE JULIETH PEREA MEJIA',NULL,'juliethp11@hotmail.com',2,1016,2,1,'Gestor'),('1012438377','DEISY MAYERLI JIMENEZ RIASCOS',NULL,'mayis-96@hotmail.com',2,1017,5,1,'Gestor'),('1012438436','JEIMY ALEXANDRA RODRIGUEZ URREGO',NULL,'ccpjr08@gmail.com',9,1018,2,1,'Gestor'),('1012444777','LEIDY VIVIANA ROJAS SANCHEZ',NULL,'vivi-841@hotmail.com',9,1019,5,1,'Gestor'),('1012445448','ALEXANDRA HENAO DUQUE',NULL,NULL,11,1020,1,1,'Gestor'),('1012447533','YESICA NATALIA MARTINEZ MOLINA',NULL,'3117864439nata@gmail.com',9,1021,2,1,'Gestor'),('1012450563','NATALY VIVIANA MARTINEZ ARIZA',NULL,'natalymartinez1920@gmail.com ',2,1022,1,1,'Gestor'),('1012458898','JEIDY NATALIA GUEVARA MORENO',NULL,'nata_heidy@hotmail.co',9,1023,5,1,'Gestor'),('1013611562','DIANA MAYERLLY TAUTIVA VARGAS',NULL,'dianita-2015-04@outlook.com ',2,1024,2,1,'Administrativo'),('1013632969','DANIEL MAURICIO CRUZ CEBALLOS',NULL,'danielcruz0806@hotmail.com',3,1025,5,1,'Gestor'),('1013636430','MIGUEL ANGEL ALFONSO GAITAN',NULL,'mianpunk@hotmail.com',9,1026,1,1,'Administrativo'),('1013664215','WENDY ALEXANDRA VARON CONTRERAS',NULL,'wexpik@gmail.com       ',9,1027,5,1,'Gestor'),('1013672070','LUIS ALEJANDRO LOZANO LOPEZ',NULL,'alejandrolozano_9713@hotmail.com',9,1028,2,1,'Administrativo'),('1013683312','JOHAN SEBASTIAN TAUTIVA CABRERA',NULL,'tautiva98@hotmail.com',9,1029,5,1,'Gestor'),('1014250156','PEDRO ALEXANDER DURAN PENARETE',NULL,'alexander199457@hotmail.com',9,1030,1,1,'Gestor'),('1014256903','CARLOS ANDRES PAEZ RUIZ',NULL,'candres0212@gmail.com',4,1031,5,1,'Gestor'),('1014274054','MARCO ANTONIO COY GARCIA',NULL,'maclowtter@oultook',9,1032,1,1,'Gestor'),('1015425844','ANDRES FERNANDO AFRICANO PENA',NULL,NULL,2,1033,1,1,'Gestor'),('1015446925','ANDRES FELIPE GONZALEZ GARCIA',NULL,'andresvne@hotmail.com',9,1034,1,1,'Gestor'),('1015450304','CRISTIAN JAVIER MORENO PAEZ',NULL,'pat.yc1217@hotmail.com',9,1035,1,1,'Gestor'),('1015455532','LUISA MILENA FERNANDEZ PENA',NULL,'luisapiopio@hotmail.com',9,1036,3,1,'Gestor'),('1015459063','DAVID STIVEN MARTINEZ RODRIGUEZ',NULL,'stivenrodriguez.96@hotmail.com',9,1037,2,1,'Gestor'),('1015466182','ANA ELIVET GARCIA GAMA',NULL,'chay-i1996@hotmail.com',9,1038,5,1,'Gestor'),('1016021424','JORGE ANDRES SALAZAR GIRALDO',NULL,'andresnmnt@gmail.com',2,1039,3,1,'Administrativo'),('1016075645','RICARDO LANDETA LANDETA',NULL,'ricardolandetap@gmail.com',2,1040,5,1,'Gestor'),('1016076557','VIVIAN ANDREA CASTRO MONROY',NULL,'viviancastro0107@gmail.com',9,1041,1,1,'Gestor'),('1016088759','JUAN PABLO SOSA ARANGO',NULL,'juanpablososaarango@gmail.com',6,1042,3,1,'Administrativo'),('1016093334','ANGIE MICHEL HERNANDEZ VIVAS',NULL,'angievivas2010@hotmail.com',9,1043,1,1,'Gestor'),('1016108573','RUBY TATIANA CUCHIMBA CARDENAS',NULL,'tkardenas36@gmail.com',2,1044,5,1,'Gestor'),('1018443680','JULY MARCELA RODRIGUEZ VARGAS',NULL,'jrodriguez@estudianteareandina.edu.co',2,1045,1,1,'Administrativo'),('1018460186','SANTIAGO ALFONSO MARTINEZ',NULL,'santiagoamz101@gmail.com',9,1046,5,1,'Gestor'),('1018473819','MYRIAM MARCELA IBARRA PEREZ',NULL,'marcela-perez1@hotmail.es',2,1047,5,1,'Gestor'),('1018482181','DERLY DAYANNA BARACALDO SANCHEZ',NULL,'ddbaracaldo@misena.edu.co',2,1048,3,1,'Gestor'),('1018495268','ARGIN JULIANA MONTES CORDOBA',NULL,'juliana1140@hotmail.com',9,1049,2,1,'Gestor'),('1019019201','MAIRA ALEJANDRA FUENTES PORRAS',NULL,NULL,9,1050,1,1,'Gestor'),('1019069025','CESAR AUGUSTO REYES CASTILLO',NULL,NULL,9,1051,2,1,'Gestor'),('1019094026','JISELLE ESTEFANI MORENO TORRES',NULL,'tifan1294@hotmail.com',2,1052,1,1,'Gestor'),('1019101049','DAVID ESTEVAN VENEGAS DUARTE',NULL,NULL,9,1053,1,1,'Gestor'),('1019127295','DEYAN YEPES RUIZ',NULL,'deyan92@hotmail.com',2,1054,3,1,'Administrativo'),('1019127659','HENRY DAVID GUTIERREZ MAYA',NULL,'hdgm1996@gmail.com',9,1055,5,1,'Gestor'),('1019129371','MARIA CAMILA LEON GARZON',NULL,'cami_l.g@live.com',2,1056,5,1,'Gestor'),('1019135392','HELBER ALEJANDRO CASTILLO RUIDIAZ',NULL,'helber_castillo@hotmail.com',9,1057,1,1,'Gestor'),('1020760147','MYLLER LANDIES MEIDER LOPEZ BOHORQUEZ',NULL,'lopez.millerlandy@yahoo.com',9,1058,5,1,'Gestor'),('1020809540','CARMEN DELFINA VEGAS HERNANDEZ',NULL,'cdvegas@misena.edu.co',10,1059,5,1,'Gestor'),('1020810058','ANGELA URBINA CIFUENTES',NULL,'angelacifuentes-26@hotmail.com',9,1060,5,1,'Gestor'),('1020815741','JONATAN FERNANDEZ CANON',NULL,'jonfer.12@hotmail.com',2,1061,1,1,'Gestor'),('1020841609','JESSICA DANIELA MAHECHA REYES',NULL,'danielamahecha09@gmail.com',2,1062,5,1,'Gestor'),('1022323457','GINA YAMILE RIANO SAAVEDRA',NULL,'gina8612@hotmail.com',9,1063,5,1,'Gestor'),('1022383416','ANGY PAOLA SAENZ SOLANO',NULL,'anpao0109@hotmail.com',2,1064,3,1,'Gestor'),('1022391368','MAIRA ANGELICA CARO VERGARA',NULL,'mangelica1411@gmail.com ',11,1065,1,1,'Gestor'),('1022399290','ERIKA YOHANA GALINDO ENDE',NULL,'johana.0616@hotmail.com',9,1066,3,1,'Administrativo'),('1022439355','LIZETH GARCIA FEO',NULL,'lizeth.garcia2212@gmail.com',9,1067,5,1,'Gestor'),('1022439400','MARIA NELIDA MONTES PALOMA',NULL,'mnmontes5@misena.edu.co',8,1068,2,1,'Aprendiz'),('1022440594','ARBEY GONZALO PEREZ LOZANO',NULL,'agpl1980@hotmail.com',10,1069,5,1,'Gestor'),('1022440840','YULIETH ALEJANDRA PIRAQUIVE SEGOVIA',NULL,'yuliethpiraquive0119@gmail.com',9,1070,5,1,'Gestor'),('1022999368','JUAN ESTEBAN GUIO MORENO',NULL,'guio13intel@hotmail.com',9,1071,5,1,'Gestor'),('1023002353','DIEGO FERNANDO AGUILAR DIAZ',NULL,'d.fernando23@hotmail.com',9,1072,1,1,'Gestor'),('1023034432','JEIMY ANDREA LOPEZ BURITICA',NULL,'jeimy815@hotmail.com',7,1073,5,1,'Aprendiz'),('1023864048','SANDRA MILENA ACEVEDO DIAZ',NULL,'sandramacevedod@outlook.com',4,1074,2,1,'Gestor'),('1023881241','ANGIE MAYERLY CASTANO LAMPREA',NULL,'anyimaye22@yahoo.com',9,1075,1,1,'Gestor'),('1023897648','HEIDY KATHERINE HERNANDEZ SUAREZ',NULL,'hkhernandez8@misena.edu.co',7,1076,5,1,'Aprendiz'),('1023907870','LINDA YINETH GRANADOS GONZALEZ',NULL,'gonzalezlindayineth@gmail.com',10,1077,5,1,'Gestor'),('1023919587','NATHALY RAMIREZ CAMACHO',NULL,'natuchis_2008@hotmail.com',11,1078,5,1,'Gestor'),('1023923155','PAOLA ALEXANDRA GALINDO CANTE',NULL,'pagalindo551@misena.edu.co',8,1079,3,1,'Aprendiz'),('1023945083','LAURA DANIELA JIMENEZ RODRIGUEZ',NULL,'dannyvalentinajir@gmail.com',9,1080,2,1,'Gestor'),('1023945975','JOSE DUVAN OBANDO BOLIVAR',NULL,'habbobord@hotmail.com',9,1081,2,1,'Gestor'),('1023950219','LEIDY TATIANA PUERTO VARGAS',NULL,'tatianapuerto03@gmail.com',2,1082,5,1,'Gestor'),('1023955248','KIMBERLY MARCELA NAVARRO RAMIREZ',NULL,'kimberlynavarro-96@hotmail.com',1,1083,1,1,'Administrativo'),('1023957812','JULIET NATALIA IBANEZ URREGO',NULL,'juliet-ibañez@hotmail.com',3,1084,5,1,'Gestor'),('1023959465','LEIDY LORENA PEREZ AGUIRRE',NULL,'nidia100682@hotmail.com',2,1085,1,1,'Gestor'),('1023959985','JEIMY TATIANA FRAILE NARANJO',NULL,'jeimyduwan19@hotmail.com',9,1086,5,1,'Gestor'),('1023961972','KIMBERLY GALVIS VARGAS',NULL,'kimberlygalvis.022@gmail.com',2,1087,5,1,'Gestor'),('1024488118','YEIMY PILAR TRIANA GAONA',NULL,'yeimytriana@yahoo.es',9,1088,2,1,'Gestor'),('1024499135','ANGELICA MARIA PARRA MOTA',NULL,'angelicaparra2009@hotmail.com',9,1089,2,1,'Gestor'),('1024511103','ADRIANA PAEZ APONTE',NULL,'adrianapa03@hotmail.com',9,1090,5,1,'Gestor'),('1024537306','LAURA CAMILA MANRIQUE MENDEZ',NULL,'maria-pirula15@ hotmail.com',9,1091,1,1,'Gestor'),('1024551965','BRIAN ERNESTO TORRES CABRERA',NULL,'britor15@hotmail.com',9,1092,1,1,'Gestor'),('1024553330','LAURA JOHANA CUBIDES ORJUELA',NULL,'laracubides_17@hotmail.com',2,1093,2,1,'Gestor'),('1024553980','JOHAN STEVEN VELANDIA AVILA',NULL,'johanvelandia49@gmail.com',9,1094,5,1,'Gestor'),('1024562963','JESSICA YAMILE ALVARADO PALACIO',NULL,'jessicaalvaradopalacio.rh@gmail.com',9,1095,2,1,'Gestor'),('1024575418','JEISON DAVID OVIEDO GARZON',NULL,'jeison32h@gmail.com ',2,1096,3,1,'Gestor'),('1024584158','WENDY PAOLA VALENCIA DUARTE',NULL,'wndypvd79@gmail.com',2,1097,5,1,'Gestor'),('1026251247','CAROLINA TORRES NIETO',NULL,'carotorresnieto@hotmail.com',9,1098,2,1,'Gestor'),('1026275520','ERIKA CATHERINE GONZALEZ GARZON',NULL,'erikagonzalez3191@gmail.com',2,1099,1,1,'Gestor'),('1026282992','ANGIE MARCELA MOYA MOYA',NULL,'angie_mm93@hotmail.com',2,1100,5,1,'Gestor'),('1026284247','JENNY LIZETH FANDINO RODRIGUEZ',NULL,'krespa27@hotmail.com',2,1101,5,1,'Gestor'),('1026295368','ASTRID CAROLINA MAMIAN PALACIOS',NULL,'carol141924@hotmail.com',9,1102,2,1,'Gestor'),('1026295978','CHRISTIAN FELIPE CORREDOR CASTRO',NULL,'cfcorredor9@misena.edu.co',2,1103,5,1,'Gestor'),('1026298378','VANESSA ALEJANDRA SANABRIA ROYO',NULL,'vanealeja22@hotmail.com',9,1104,5,1,'Gestor'),('1026299913','YAN CARLOS CALDERON MEDINA',NULL,'carloscalderon.40mil@gmail.com',2,1105,1,1,'Gestor'),('1026582055','LEIDI CAROLINA ESCUDERO LUJAN',NULL,'leidiescudero95@gmail.com',2,1106,5,1,'Gestor'),('1027523358','NANCY ESTEFANNY BOHORQUEZ HERRERA',NULL,'nanstefany977@gmail.com',9,1107,5,1,'Gestor'),('1030633291','LIZETH PAOLA CANO BENAVIDES',NULL,'palicabe18@hotmail.com',9,1108,5,1,'Gestor'),('1030634447','ANA MARIA HOYOS MARIN',NULL,NULL,11,1109,1,1,'Gestor'),('1030640896','SARA LUCIA CIFUENTES ARCE',NULL,'saralucifuentes@gmail.com',9,1110,3,1,'Gestor'),('1030641921','JOHAN NICOLAS BARRERA GARCIA',NULL,'johanico26@hotmail.com',9,1111,5,1,'Gestor'),('1030645060','EDISSON FABIAN CASTRO VARGAS',NULL,'castrovargase@gmail.com',5,1112,5,1,'Gestor'),('1030680595','GABRIELA VIRGINIA ORTEGA CASTILLO',NULL,'gabrielaortega-912@outlook.com ',2,1113,1,1,'Gestor'),('1030688884','GINETH DANIELA TELLEZ FANDINO',NULL,'d.tellez_@outlook.com',2,1114,5,1,'Gestor'),('1031131041','ANDRES FELIPE MURILLO CORTES',NULL,'flacomurillo1991@hotmail.com',9,1115,1,1,'Gestor'),('1031146650','CINDY PAOLA GARZON MICAN',NULL,'paolaevgg@gmail.com',9,1116,5,1,'Gestor'),('1031155866','ANGIE LORENA BASTIDAS GONZALEZ',NULL,'lore201209@hotmail.om',9,1117,1,1,'Gestor'),('1031160352','MARTA LILIANA SIERRA BERRIO',NULL,'lii-ziiera@outlook.com',2,1118,1,1,'Gestor'),('1031164967','DILAN RICARDO VILLARRAGA ORTIZ',NULL,'dilanvillarraga92@gmail.com',9,1119,5,1,'Gestor'),('1031178217','JULIAN ANDRES MEDINA NINO',NULL,'andrescraf10@gmail.com',10,1120,5,1,'Gestor'),('1032406190','YESENIA PAOLA TORRES BUITRAGO',NULL,'paolabuitrago1987@gmail.com',9,1121,1,1,'Gestor'),('1032458408','ERIKA CORTES NIETO',NULL,'erikakata2007@hotmail.com',11,1122,2,1,'Gestor'),('1032474429','DIANA MARCELA MONTENEGRO GUTIERREZ',NULL,'diana.mon.95@hotmail.com',9,1123,1,1,'Gestor'),('1032476156','JOAN ALEJANDRO AMADO CORREAL',NULL,'alejandro.amado59494gmail.com',2,1124,5,1,'Gestor'),('1032478112','PAULA ANDREA BARRERA GARCIA',NULL,'paubarrera54@gmail.com',9,1125,5,1,'Gestor'),('1032479819','DIANA MILENA BERNAL SUAREZ',NULL,'dianisbernal@hotmail.com',9,1126,2,1,'Gestor'),('1032481402','JUAN DAVID ZUBIETA PABON',NULL,'davhid17@gmail.com',9,1127,5,1,'Gestor'),('1033719990','CINDY PAOLA GALINDO MARTIN',NULL,'cindy13-29@hotmail.com',9,1128,2,1,'Gestor'),('1033738820','ANDREA ZULENY ALVARADO COLORADO',NULL,'andreitaalvaradoc20@gmail.com',9,1129,5,1,'Gestor'),('1033751505','MARIA DEL PILAR MURCIA MONTENEGRO',NULL,'mmurcia28@hotmail.com',2,1130,3,1,'Gestor'),('1033782790','SARAY ANDREA RUIZ RODRIGUEZ',NULL,'saryruiz12@gmail.com ',2,1131,2,1,'Gestor'),('1033792162','CLAUDIA ROCIO CONTRERAS CONTRERAS',NULL,'claudiacontreras355@gmail.com',2,1132,2,1,'Gestor'),('1033798003','CARLOS DAVID BASTIDAS LEAL',NULL,'carlos.david970613@gmail.com',2,1133,1,1,'Gestor'),('1053324927','EDILSA MARCELA COCA PENA',NULL,'marcela.cp45@yahoo.es',9,1134,2,1,'Gestor'),('1057436359','NUBIA ASTRID PABON CRUZ',NULL,'astrid-pabon@hotmail.com',7,1135,5,1,'Aprendiz'),('1062904044','DANNA SIRLEY QUINTERO LOZANO',NULL,'linda10201099@hotmail.com',9,1136,5,1,'Gestor'),('1065895878','DOLLY SOFIA GUEVARA TRILLOS',NULL,'sofiguevarat@gmail.com',9,1137,5,1,'Gestor'),('1067851999','SAMIR ANTONIO CAVADIA OLEA',NULL,'chamo1323@hotmail.com',9,1138,2,1,'Gestor'),('1069053059','LEYDY LILIANA LEON MIRANDA',NULL,'leidylm@outlook.com',9,1139,1,1,'Gestor'),('1069403172','JAGUI YUSIMAR FANDINO SILVA',NULL,'shaggi.9207@gmail.com ',9,1140,1,1,'Gestor'),('1070614722','DAMARIS ASTRID VERU ROMERO',NULL,'damaris018@hotmail.com',2,1141,2,1,'Gestor'),('1070618798','HAROLD ANDRES RODRIGUEZ RUEDA',NULL,'harold311_@hotmail.com',9,1142,2,1,'Gestor'),('1070921458','NIDIA MAYERLI TRUJILLO ROJAS',NULL,'maye.t93@gmail.com',8,1143,2,1,'Administrativo'),('1071549444','JORGE EDISSON APOLINAR CHUQUEN',NULL,'edison-91@hotmail.com',9,1144,2,1,'Gestor'),('1072651653','JONATHAN ARIEL RAMIREZ MARTINEZ',NULL,'tatan1989.jr@gmail.com',9,1145,1,1,'Administrativo'),('1073157229','YULIAN ERNESTO VARGAS PARDO',NULL,'sanayuvasa@hotmail.com',5,1146,5,1,'Gestor'),('1074959235','SANDRA MILENA PEREZ PRIETO',NULL,'svaleria2006@hotmail.com',9,1147,1,1,'Gestor'),('1077971698','GINNETH KARINA BERNAL GONZALEZ',NULL,'ginnethkbernal@hotmail.com',9,1148,3,1,'Gestor'),('1083907127','JHON JAIRO BURBANO VARGAS',NULL,'jota_fs@hotmail.es',9,1149,5,1,'Gestor'),('1101816353','YEISON ENRIQUE SIERRA BENITEZ',NULL,'jeison19_92@hotmail.com',9,1150,1,1,'Gestor'),('1102868200','GERSON DE JESUS ARRIETA NARVAEZ',NULL,'gersonjesus78@hotmail.com',2,1151,2,1,'Gestor'),('1106893809','KAREN PAOLA CASTANEDA RODRIGUEZ',NULL,'kpcastañeda9@misena.edu.co',7,1152,5,1,'AdministrativoAdministrativo'),('1109382654','LUZ ANGELA GIL HERNANDEZ',NULL,'luzangel89@outlook.com',2,1153,1,1,'Gestor'),('1109847745','YURI KATERINE BARRERO YACUMA',NULL,'kathy1115barrero@gmail.com',9,1154,5,1,'Gestor'),('1110521319','JUAN CAMILO OVALLE JIMENEZ',NULL,'juank.pnk@hotmail.com',2,1155,5,1,'Gestor'),('1151954755','DEYSI CAROLINA TAMAYO CASTRO',NULL,'d_ysi@outlook.com',2,1156,5,1,'Gestor'),('1152707990','PEDRO ANDRES RONCANCIO CORREDOR',NULL,'paroncancioc@hotmail.com',9,1157,1,1,'Administrativo'),('1233488381','DIANA CAROLINA RUBIANO RINCON',NULL,'caroolaya97@gmail.com',9,1158,5,1,'Gestor'),('1233492949','KEISA DANIELA AVENDANO MARTINEZ',NULL,'gloria.m.120302@gmail.com',9,1159,5,1,'Gestor'),('1233496393','RUTH BIBIANA BENITEZ ESTEPA',NULL,'rikiss03@gmail.com',9,1160,2,1,'Gestor'),('1233896748','PAULA ANDREA PABON VARON',NULL,'a-andrea76@hotmail.com',2,1161,1,1,'Gestor'),('1233903691','BRANDON ENRIQUE NOVA MARTINEZ',NULL,'brandon-martinez172017@hotmail.com',2,1162,5,1,'Gestor'),('1233904370','CRISTIAN DAVID ESCOBAR RODRIGUEZ',NULL,'davidcam159@hotmail.com',2,1163,5,1,'Gestor'),('14211392','RAFAEL CESPEDES VARON','00000000','rael.andres.varon@hotmail.com',6,950,4,1,'Administrativo'),('15049486','EMELSO GUSTAVO RICARDO JARABA',NULL,'trotador06@hotmail.com',9,951,2,1,'Administrativo'),('16161764','ALEXANDER HENAO CAMACHO',NULL,'alexanderalejox @yahoo.com ',1,952,5,1,'Administrativo'),('25292452','ELIZABETH MAMIAN PALACIOS',NULL,'eliza.leox@hotmail.com',9,953,5,1,'Gestor'),('37334141','LINA CONSTANZA SANCHEZ MONCADA',NULL,'anilxsan79@hotmail.com',9,954,1,1,'Gestor'),('39564623','ISABEL SANCHEZ GUTIERREZ',NULL,'pollis_816@hotma8il.com',9,955,2,1,'Gestor'),('39639137','LUCIA RUBIELA PRIETO CASTANEDA',NULL,'luciap_65@live.com',9,956,1,1,'Gestor'),('45514645','ALEYDIZ RAMIREZ RODRIGUEZ',NULL,'aleidyznavarro@hotmail.com',9,957,1,1,'Gestor'),('45528486','ANA MILENA NARVAEZ PEREZ',NULL,'ananarper82@gmail.com',2,958,5,1,'Gestor'),('49739229','IDALMIS DEL CARMEN TORRES BARRERA',NULL,NULL,6,959,1,1,'Administrativo'),('51609768','MARIA CRISTINA DELGADO MERCHAN',NULL,'macris.delgado@gmail.com',9,960,2,1,'Gestor'),('51654659','WILMA RUTH GONZALEZ VELA',NULL,'wilmaruth3027@gmail.com',6,961,2,1,'Administrativo'),('51973108','MARISOL CARDONA RONDON',NULL,NULL,9,962,2,1,'Gestor'),('52054391','GUIOMAR VIDAL CESPEDES',NULL,'yomyvid@yahoo.com',6,963,4,1,'Administrativo'),('52161167','CLAUDIA PATRICIA RUBIO PARRA',NULL,'paty2406@yahoo.es ',2,964,1,1,'Gestor'),('52203639','UBALDINA PATINO GALINDO',NULL,'ubitarococo@hotmail.com',9,965,2,1,'Gestor'),('52227052','SANDRA LUCIA TORRES FORERO',NULL,'forerosandra2016@hotmail.com',2,966,5,1,'Gestor'),('52269156','MARCELA GONZALEZ RODRIGUEZ',NULL,'marcela-gonzalez0221@hotmail.com',3,967,5,1,'Aprendiz'),('52302466','JOHANNA MARCELA CASTRO PATINO',NULL,NULL,9,968,1,1,'Gestor'),('52342696','LYDA MARCELA VANEGAS PINZON',NULL,'lmarcevanpin@gmail.com',7,969,5,1,'Administrativo'),('52360965','ANA MERCEDES ALFONSO MORENO',NULL,'anamalfo@hotmail.com',2,970,3,1,'Gestor'),('52379137','DIANA MARCELA GARZON RAMOS',NULL,'dianaga_76@hotmail.com',9,971,2,1,'Gestor'),('52443475','LUISA ANGELA MARQUEZ LEAL',NULL,'luisamarquez30@hotmail.com',9,972,2,1,'Gestor'),('52447270','MARTHA IRENE BUENO BERNAL',NULL,'irenesan1308@gmail.com',9,973,5,1,'Gestor'),('52495703','FRANCY LISBETH CUITIVA RONCANCIO',NULL,'fransamy12@gmail.com',4,974,5,1,'Administrativo'),('52753698','ZULY SALAS VALENCIA',NULL,'valezuly2014@gmail.com',9,975,1,1,'Gestor'),('52760942','MARIA TERESA CHAGUENDO CERQUERA',NULL,'milkaruma@hotmail.com',9,976,1,1,'Gestor'),('52819522','ADRIANA MARIA BAYONA SUREZ',NULL,NULL,2,977,1,1,'Gestor'),('52832351','YOMARA PALACIOS AMAYA',NULL,'tata.yomara@hotmail.com',9,978,5,1,'Gestor'),('52861352','DIANA DEL PILAR POVEDA FELICIANO',NULL,'dianapoveda_0926@hotmail.com',2,979,2,1,'Gestor'),('52996310','MARY LUZ RAMOS AVENDANO',NULL,'jonatanm-@hotmail.com',9,980,1,1,'Gestor'),('53135850','VIVIANA YOHELI MEJIA PEREZ',NULL,'geoalex14@hotmail.com',9,981,2,1,'Gestor'),('53154249','JENY HASBLEIDY GRAJALES OCHOA',NULL,'hasbleidy.grajales@gmail.com',2,982,1,1,'Gestor'),('53167630','ASTRID JASBLEIDY ORTIZ JIMENEZ',NULL,'asorjy.s@gmail.com',2,983,2,1,'Gestor'),('53168013','LUISA FERNANDA GUERRERO',NULL,'lfguerrero@outlook.com',1,984,4,1,'Administrativo'),('53911263','LADY CATHERINE RAMIREZ MARTINEZ',NULL,'ladyramirezm@hotmail.com',7,985,4,1,'Administrativo'),('6002453','LUIS EDUARDO SANCHEZ ALVAREZ','00000000','jefeoperaciones@gfcobranzasjuridicas.com.co',9,949,4,1,'Administrativo'),('63251152','NUBIA TERESA FLOREZ',NULL,'nuteflo64@hotmail.com',9,986,1,1,'Gestor'),('66813083','MARIA EUGENIA QUINTERO COLONIA',NULL,'asesoriasm.eugenia@gmail.com',6,987,4,1,'Administrativo'),('66826599','LEONOR ARANGO CABRERA',NULL,'leonor-arango@hotmail.com',9,988,5,1,'Gestor'),('79572170','ORLANDO OCHOA HERRENO',NULL,'orlochoa@hotmail.com',8,989,4,1,'Administrativo'),('80096639','JOHAN MANUEL CHAPARRO MENDOZA',NULL,'johanch25@gmail.com ',2,990,3,1,'Administrativo'),('80190288','CARLOS HUMBERTO MORA AGUILAR',NULL,'carlosmora2502@hotmail.com',9,991,1,1,'Gestor'),('80827698','JONATHAN PRIETO VARGAS',NULL,NULL,2,992,2,1,'Gestor'),('80833526','WILLIAM ANDRES ESPINOSA ALDANA',NULL,'darkwill74@hotmail.com',8,993,5,0,'Administrativo'),('94380141','JHON FREDY CASTRO JARAMILLO',NULL,NULL,6,994,5,1,'Administrativo'),('94534764','RAMIRO ANTONIO CASTRO GARCES',NULL,'sofia2010org@gmail.com',5,995,5,1,'Gestor'),('99111400381','SERGIO ALEJANDRO GOMEZ ROJAS',NULL,'sgomezrojas@misena.edu.co',10,1164,5,1,'Gestor');
/*!40000 ALTER TABLE `empleado` ENABLE KEYS */;
UNLOCK TABLES;

--
-- Temporary table structure for view `empnivelavanzado`
--

DROP TABLE IF EXISTS `empnivelavanzado`;
/*!50001 DROP VIEW IF EXISTS `empnivelavanzado`*/;
SET @saved_cs_client     = @@character_set_client;
SET character_set_client = utf8;
/*!50001 CREATE TABLE `empnivelavanzado` (
  `nombreCompleto` tinyint NOT NULL,
  `documento` tinyint NOT NULL,
  `area` tinyint NOT NULL,
  `visibilidad` tinyint NOT NULL,
  `dias` tinyint NOT NULL
) ENGINE=MyISAM */;
SET character_set_client = @saved_cs_client;

--
-- Temporary table structure for view `empnivelbasico`
--

DROP TABLE IF EXISTS `empnivelbasico`;
/*!50001 DROP VIEW IF EXISTS `empnivelbasico`*/;
SET @saved_cs_client     = @@character_set_client;
SET character_set_client = utf8;
/*!50001 CREATE TABLE `empnivelbasico` (
  `nombreCompleto` tinyint NOT NULL,
  `documento` tinyint NOT NULL,
  `area` tinyint NOT NULL,
  `visibilidad` tinyint NOT NULL,
  `tiempo` tinyint NOT NULL
) ENGINE=MyISAM */;
SET character_set_client = @saved_cs_client;

--
-- Temporary table structure for view `empnivelintermedio`
--

DROP TABLE IF EXISTS `empnivelintermedio`;
/*!50001 DROP VIEW IF EXISTS `empnivelintermedio`*/;
SET @saved_cs_client     = @@character_set_client;
SET character_set_client = utf8;
/*!50001 CREATE TABLE `empnivelintermedio` (
  `nombreCompleto` tinyint NOT NULL,
  `documento` tinyint NOT NULL,
  `area` tinyint NOT NULL,
  `visibilidad` tinyint NOT NULL,
  `dias` tinyint NOT NULL
) ENGINE=MyISAM */;
SET character_set_client = @saved_cs_client;

--
-- Temporary table structure for view `empprogramar`
--

DROP TABLE IF EXISTS `empprogramar`;
/*!50001 DROP VIEW IF EXISTS `empprogramar`*/;
SET @saved_cs_client     = @@character_set_client;
SET character_set_client = utf8;
/*!50001 CREATE TABLE `empprogramar` (
  `nombreCompleto` tinyint NOT NULL,
  `nombreModulo` tinyint NOT NULL,
  `fecha` tinyint NOT NULL,
  `area` tinyint NOT NULL,
  `documento` tinyint NOT NULL,
  `diferencia` tinyint NOT NULL,
  `frecuencia` tinyint NOT NULL
) ENGINE=MyISAM */;
SET character_set_client = @saved_cs_client;

--
-- Table structure for table `evaluacion`
--

DROP TABLE IF EXISTS `evaluacion`;
/*!40101 SET @saved_cs_client     = @@character_set_client */;
/*!40101 SET character_set_client = utf8 */;
CREATE TABLE `evaluacion` (
  `idEvaluacion` int(10) NOT NULL AUTO_INCREMENT,
  `estado` varchar(45) DEFAULT NULL,
  `observaciones` varchar(100) DEFAULT NULL,
  `calificacion` float NOT NULL,
  `visibilidad` tinyint(1) NOT NULL,
  `idAsigEmpleado` int(10) NOT NULL,
  `idAsigModulo` int(10) NOT NULL,
  PRIMARY KEY (`idEvaluacion`),
  KEY `fk_evaluacion_idAsigEmpleado1_idx` (`idAsigEmpleado`),
  KEY `fk_evaluacion_asigmodulo1_idx` (`idAsigModulo`),
  CONSTRAINT `fk_evaluacion_asigmodulo1` FOREIGN KEY (`idAsigModulo`) REFERENCES `asigmodulo` (`idAsigModulo`) ON DELETE NO ACTION ON UPDATE NO ACTION,
  CONSTRAINT `fk_evaluacion_idAsigEmpleado1` FOREIGN KEY (`idAsigEmpleado`) REFERENCES `asigempleado` (`idAsigEmpleado`) ON DELETE NO ACTION ON UPDATE NO ACTION
) ENGINE=InnoDB AUTO_INCREMENT=164 DEFAULT CHARSET=latin1;
/*!40101 SET character_set_client = @saved_cs_client */;

--
-- Dumping data for table `evaluacion`
--

LOCK TABLES `evaluacion` WRITE;
/*!40000 ALTER TABLE `evaluacion` DISABLE KEYS */;
INSERT INTO `evaluacion` VALUES (16,'Evaluado','Necesita entrenamientos periÃ³dicos.',3,1,273,99),(17,'Evaluado','CalificaciÃ³n de 3.5 en adelante tienen capacidades orientadas mas a lo practico.',4,1,270,99),(18,'Evaluado','CalificaciÃ³n de 3.5 en adelante tienen capacidades orientadas mas a lo practico.',3.5,1,272,99),(19,'Evaluado','CalificaciÃ³n de 3.5 en adelante tienen capacidades orientadas mas a lo practico.',3.5,1,271,99),(20,'Evaluado','Necesita entrenamientos periodicos.',3,1,274,99),(21,'Evaluado','CalificaciÃ³n de 3.5 en adelante tienen capacidades orientadas mas a lo practico.',3.5,1,275,99),(22,'Evaluado','',5,1,276,100),(23,'Evaluado','',5,1,277,100),(24,'Evaluado','',4.6,1,278,100),(25,'Evaluado','',4.8,1,279,100),(26,'Evaluado','',4.4,1,280,100),(27,'Evaluado','',4.7,1,281,100),(28,'Evaluado','',4.7,1,282,100),(29,'Evaluado','',4.8,1,283,100),(30,'Evaluado','',4.8,1,284,100),(31,'Evaluado','',4.6,1,285,100),(32,'Evaluado','',4.8,1,286,100),(33,'Evaluado','',4.7,1,287,100),(34,'Evaluado','',4.8,1,288,100),(35,'Evaluado','',4,1,289,100),(36,'Evaluado','',4.7,1,290,100),(37,'Evaluado','',5,1,291,100),(38,'Evaluado','',4.8,1,292,100),(39,'Evaluado','',4.8,1,293,100),(40,'Evaluado','',4.8,1,294,100),(41,'Evaluado','',4.8,1,295,100),(42,'Evaluado','',4.6,1,296,100),(43,'Evaluado','',5,1,297,100),(44,'Evaluado','',5,1,298,100),(45,'Evaluado','',5,1,299,100),(46,'Evaluado','',4.8,1,300,100),(47,'Evaluado','',4.8,1,301,100),(48,'Evaluado','',4.8,1,302,100),(49,'Evaluado','',4.8,1,303,100),(50,'Evaluado','',5,1,304,100),(51,'Evaluado','',4.8,1,305,100),(52,'Evaluado','',4.8,1,306,100),(53,'Evaluado','',4.8,1,307,100),(54,'Evaluado','',4.8,1,308,100),(55,'Evaluado','',5,1,309,100),(56,'Evaluado','',5,1,310,100),(57,'Evaluado','',5,1,311,100),(58,'Evaluado','',4.8,1,312,100),(59,'Evaluado','',4,1,313,100),(60,'Evaluado','',4.8,1,314,100),(61,'Evaluado','',4.6,1,315,100),(62,'Evaluado','',4.6,1,316,100),(63,'Evaluado','',4.8,1,318,100),(64,'Evaluado','',4.8,1,317,100),(65,'Evaluado','',4.8,1,319,100),(66,'Evaluado','Presenta un equilibrio entre el saber y el hacer (practico).',3,1,320,101),(67,'Evaluado','Presenta un equilibrio entre el saber y el hacer (practico).',3.5,1,321,101),(68,'Evaluado','Presenta un equilibrio entre el saber y el hacer (practico).',3,1,322,101),(69,'Evaluado','Presenta un equilibrio entre el saber y el hacer (practico).',3.5,1,323,101),(70,'Evaluado','Presenta un equilibrio entre el saber y el hacer (practico).',4,1,324,101),(71,'Evaluado','Necesita procesos de retroalimentacion y entrenamiento.',3,1,325,102),(72,'Evaluado','Necesita procesos de retroalimentacion y entrenamiento.',3,1,326,102),(73,'Evaluado','Perfil sobresaliente entre  el grupo de capacitaciÃ³n.',3.5,1,327,102),(74,'Evaluado','Necesita procesos de retroalimentacion y entrenamiento.',3,1,329,102),(75,'Evaluado','Perfil sobresaliente entre el grupo de capacitaciÃ³n.',3.5,1,328,102),(76,'Evaluado','conocimiento de cartera DIRECTV',5,1,331,103),(77,'Evaluado','conocimiento de cartera DIRECTV',5,1,332,103),(78,'Evaluado','conocimiento de cartera DIRECTV',5,1,333,103),(79,'Evaluado','EL GESTOR MANIFIESTA FALTA DE INTERÃ‰S EN LA OPERACIÃ“N.',4.5,1,334,104),(80,'Evaluado','EL GESTOR MANIFIESTA PROBLEMAS FAMILIARES.',4.8,1,335,104),(81,'Evaluado','EL GESTOR MANIFIESTA ZONA DE CONFORT, MENTALIZACION.',3.5,1,336,104),(82,'Evaluado','EL GESTOR MANIFIESTA DESMOTIVACION POR PAGOS PERDIDOS.',4.5,1,337,104),(83,'Evaluado','EL GESTOR MANIFIESTA INASISTENCIA QUE LO HA PERJUDICADO.',5,1,338,104),(84,'Evaluado','EL GESTOR MANIFIESTA QUE EL  AMBIENTE  LE DIFICULTA LA OPERACION, YA QUE TIENE PROBLEMAS RESPIRATORI',3,1,339,104),(85,'Evaluado','EL GESTOR MANIFIESTA FALTA DE MOTIVACION.',5,1,340,104),(86,'Evaluado','EL GESTOR MANIFIESTA PROBLEMAS PERSONALES Y FALTA MOTIVACION.',4.5,1,341,104),(87,'Evaluado','EL GESTOR MANIFIESTA FALTA DE MOTIVACION.',4,1,342,104),(88,'Evaluado','MEJORO, NO FUE NECESARIA SEGUNDA SESION.',3.8,1,343,104),(89,'Evaluado','MEJORO, NO FUE NECESARIA SEGUNDA SESION.',3,1,344,104),(90,'Evaluado','EN ETAPA DE SEGUIMIENTO.',3,1,345,105),(91,'Evaluado','EN ETAPA DE SEGUIMIENTO.',3,1,346,105),(92,'Evaluado','EN ETAPA DE SEGUIMIENTO.',3.5,1,347,105),(93,'Evaluado','EN ETAPA DE SEGUIMIENTO.',3.5,1,348,105),(94,'Evaluado','EN ETAPA DE SEGUIMIENTO.',3.5,1,349,105),(95,'Evaluado','EN ETAPA DE SEGUIMIENTO.',3,1,350,105),(96,'Evaluado','EN ETAPA DE SEGUIMIENTO.',4,1,351,105),(97,'Evaluado','EN ETAPA DE SEGUIMIENTO.',3.5,1,352,105),(98,'Evaluado','EN ETAPA DE SEGUIMIENTO.',3,1,353,105),(99,'Evaluado','EN ETAPA DE SEGUIMIENTO.',3,1,354,105),(100,'Evaluado','EN ETAPA DE SEGUIMIENTO.',4,1,355,105),(101,'Evaluado','',5,1,357,108),(102,'Evaluado','',5,1,358,108),(103,'Evaluado','',5,1,359,108),(104,'Evaluado','',5,1,360,108),(105,'Evaluado','',5,1,361,108),(106,'Evaluado','',5,1,362,108),(107,'Evaluado','',5,1,363,108),(108,'Evaluado','',5,1,364,108),(109,'Evaluado','',5,1,365,108),(110,'Evaluado','',5,1,366,108),(111,'Evaluado','',5,1,367,108),(112,'Evaluado','',5,1,368,108),(113,'Evaluado','',5,1,370,108),(114,'Evaluado','',4.5,1,356,107),(115,'Evaluado','',5,1,369,108),(116,'Evaluado','',0,1,371,111),(117,'Evaluado','actualizaciÃ³n en tecnocob   para operacion',5,1,421,112),(119,'Evaluado','actualizaciÃ³n   tecnocob  para trabajo de campo',5,1,422,112),(120,'Evaluado','Tecnocob para complementar gestiÃ³n de cobranza de campo.',5,1,445,112),(121,'Evaluado','Tecnocob; como instrumento para completar construcciÃ³n de mÃ³dulo.',5,1,446,112),(122,'Evaluado','para acompaÃ±amiento',3,1,475,124),(123,'Evaluado','DOS INTENTOS DE EVALUACION',4.5,1,492,125),(124,'Evaluado','GRAN CAPACIDAD PARA IDENTIFICAR CONTENIDOS',5,1,493,125),(125,'Evaluado','PUEDE MEJORAR PROCESOS DE CONOCIMIENTO NORMAS FINANCIERAS',4.5,1,494,125),(126,'Evaluado','BUENA ACTITUD  EN LA RESPUESTA DE EVALUACION',5,1,496,125),(127,'Evaluado','INTERESADA POR LOS TEMAS PROPUESTOS DE LA EVALUACIÃ“N   SARO Y SARLAFT',5,1,499,125),(128,'Evaluado','PROCESO NORMAL Y EFICIENTE DE LA EVALUACIÃ“N  SARO Y SARLAFT',4,1,500,125),(129,'Evaluado','dos intentos',4,1,502,128),(130,'Evaluado','muy pertinente su actitud',5,1,503,128),(131,'Evaluado','buen desempeÃ±o',4.5,1,504,128),(132,'Evaluado','buen desempeÃ±o',5,1,507,128),(133,'Evaluado','interesada por la tematica',5,1,508,128),(134,'Evaluado','responsabilidad en el tratamiento de la evaluacion',4,1,510,128),(135,'Evaluado','',4.5,1,492,127),(136,'Evaluado','',5,1,493,127),(137,'Evaluado','',4.5,1,494,127),(138,'Evaluado','',5,1,496,127),(139,'Evaluado','',5,1,499,127),(140,'Evaluado','',4,1,500,127),(141,'Evaluado','atento y con propuestas',4,1,466,118),(142,'Evaluado','aporta y reporta  propuestas',4.5,1,467,118),(143,'Evaluado','distraÃ­do y displicente en el conversatorio',3,1,468,118),(144,'Evaluado','nada que ver, sin actitud en el intercambio de experiencias',3,1,469,118),(145,'Evaluado','Esperaba mas de el, se esta dejando absorber por el grupo.',3.5,1,470,118),(146,'Evaluado','que papel desempeÃ±a ?',3,1,471,118),(147,'Evaluado','El analista que cuestiona, propone  y en estos momentos ya tiene propuesta organizada ',4.7,1,472,118),(149,'Evaluado','',4,1,513,129),(150,'Evaluado','',4,1,514,129),(151,'Evaluado','',5,1,515,129),(152,'Evaluado','',5,1,516,129),(153,'Evaluado','',5,1,517,129),(154,'Evaluado','',4,1,518,129),(155,'Evaluado','',5,1,519,129),(156,'Evaluado','',5,1,520,129),(157,'Evaluado','',4.5,1,521,129),(158,'Evaluado','',5,1,522,129),(159,'Evaluado','',5,1,523,129),(160,'Evaluado','',5,1,524,129),(161,'Evaluado','',4,1,525,129),(162,'Evaluado','',5,1,526,129),(163,'Evaluado','',4.5,1,527,129);
/*!40000 ALTER TABLE `evaluacion` ENABLE KEYS */;
UNLOCK TABLES;

--
-- Table structure for table `modulo`
--

DROP TABLE IF EXISTS `modulo`;
/*!40101 SET @saved_cs_client     = @@character_set_client */;
/*!40101 SET character_set_client = utf8 */;
CREATE TABLE `modulo` (
  `idModulo` int(10) NOT NULL AUTO_INCREMENT,
  `nombreModulo` varchar(100) NOT NULL,
  `frecuencia` int(11) DEFAULT NULL,
  `descripcion` longtext,
  `visibilidad` int(10) NOT NULL,
  `tipo` int(5) NOT NULL,
  PRIMARY KEY (`idModulo`),
  UNIQUE KEY `nombreModulo` (`nombreModulo`)
) ENGINE=InnoDB AUTO_INCREMENT=53 DEFAULT CHARSET=latin1;
/*!40101 SET character_set_client = @saved_cs_client */;

--
-- Dumping data for table `modulo`
--

LOCK TABLES `modulo` WRITE;
/*!40000 ALTER TABLE `modulo` DISABLE KEYS */;
INSERT INTO `modulo` VALUES (12,'HABEAS DATA',12,'LEY 1266 2008',1,2),(13,'PROTECCION DE DATOS',6,'LEY 1581 DE 2012 ',1,2),(14,'REGIMEN DE PROTECCION AL CONSUMIDOR FINANCIERO',6,'Circular Externa  015 de 2010 S.A.C',1,2),(17,'CONDICIONES DE LA GESTION DE COBRANZA PREJUDICIAL',3,'Circular Externa 048 de 2008  ',1,2),(18,'SISTEMA DE CONTROL INTERNO',12,'Circular Externo   014 de  2009 ',1,2),(19,'SARO',12,'Circular  Externa 048 de 2006 ',1,2),(20,'SARLAFT ',12,'Circular  022 de 2007 ',1,2),(21,'VICTIMAS DEL CONFLICTO ARMADO',6,'Circular Externa 021 de 2012 ',1,2),(23,'CONTINUIDAD DEL NEGOCIO',6,'',1,2),(31,'ACTITUD',0,'LENGUAJE, EMOCIONALIDAD, CORPORALIDAD.',1,2),(32,'NEGOCIACION ',1,'TECNICAS, OBJECIONES Y CIERRE.',1,2),(33,'COMUNICACION I',4,'',1,1),(36,'GESTOR DE COBRANZA',0,'',1,1),(38,'NEUROCOBRANZA',0,' NEGOCIACION EN COBRANZA',1,1),(39,'SEGURIDAD DE LA INFORMACION R.',0,' REINDUCCION.',1,1),(41,'ACTUALIZACION DE CARTERA',0,' NEGOCIACIÃ“N Y CONOCIMIENTO DE CARTERA EN GENERAL.',1,2),(42,'MOTIVACION-LENGUAJE COMPLEMENTARIO',0,' ACTITUD.',1,1),(43,'MOTIVACION- HACIA LA PRODUCTIVIDAD',0,'',1,2),(44,'TIC',0,' ',0,2),(45,'TECNOCOB',0,' ',1,2),(46,'DIRECT TV',0,' ',1,2),(47,'CARTERA DE NUESTROS CLIENTES',6,' CONOCIMIENTO HOLISTICO DE CADA CARTERA: REQUERIMIENTOS CLIENTES',1,2),(48,'ASERTIVIDAD ',3,' asertividad y cobranza',1,2),(49,'LA  PERSUACION EN LA COBRANZA',5,'PERSUASION  Y COBRANZA ',1,2),(50,'FUNDAMENTACION Y REQUISITOS  NORMA 9001:2015',6,'NORMA 9001:2015 ',1,1),(51,'LOS CUATRO ACUERDOS, COMUNICACION  EFICAZ',12,'PARA INTEGRAR EL MANEJO DEL LENGUAJE AMABLE ',1,1),(52,'actos linguisticos  fundamentales',6,' ',1,2);
/*!40000 ALTER TABLE `modulo` ENABLE KEYS */;
UNLOCK TABLES;

--
-- Temporary table structure for view `modulosprogramacion`
--

DROP TABLE IF EXISTS `modulosprogramacion`;
/*!50001 DROP VIEW IF EXISTS `modulosprogramacion`*/;
SET @saved_cs_client     = @@character_set_client;
SET character_set_client = utf8;
/*!50001 CREATE TABLE `modulosprogramacion` (
  `nombreModulo` tinyint NOT NULL,
  `idModulo` tinyint NOT NULL,
  `idProgramacion` tinyint NOT NULL
) ENGINE=MyISAM */;
SET character_set_client = @saved_cs_client;

--
-- Table structure for table `programacion`
--

DROP TABLE IF EXISTS `programacion`;
/*!40101 SET @saved_cs_client     = @@character_set_client */;
/*!40101 SET character_set_client = utf8 */;
CREATE TABLE `programacion` (
  `idProgramacion` int(10) NOT NULL AUTO_INCREMENT,
  `fechaInicio` date NOT NULL,
  `fechaFin` date NOT NULL,
  `tipoCapacitacion` varchar(45) NOT NULL,
  `modalidad` varchar(45) NOT NULL,
  `nivel` varchar(45) NOT NULL,
  `visibilidad` tinyint(1) NOT NULL,
  `fechaReg` date NOT NULL,
  `color` varchar(7) DEFAULT NULL,
  `estado` int(11) DEFAULT NULL,
  `hora` time DEFAULT NULL,
  `titulo` varchar(45) NOT NULL,
  PRIMARY KEY (`idProgramacion`)
) ENGINE=InnoDB AUTO_INCREMENT=125 DEFAULT CHARSET=latin1;
/*!40101 SET character_set_client = @saved_cs_client */;

--
-- Dumping data for table `programacion`
--

LOCK TABLES `programacion` WRITE;
/*!40000 ALTER TABLE `programacion` DISABLE KEYS */;
INSERT INTO `programacion` VALUES (64,'2017-09-21','2017-09-21','INDUCTIVA','FORMACION','NIVEL BASICO',1,'2017-10-31','#1D6CD4',1,'14:00:00','NEUROCOBRANZA'),(65,'2017-09-20','2017-09-20','CORRECTIVA','PERFECCIONAMIENTO','NIVEL GENERAL',1,'2017-10-31','#FE2E2E',2,'14:00:00','SEGURIDAD DE LA INFORMACION'),(66,'2017-09-12','2017-09-12','INDUCTIVA','FORMACION','NIVEL BASICO',1,'2017-10-31','#12BA60',2,'14:00:00','NEUROCOBRANZA'),(67,'2017-09-04','2017-09-04','INDUCTIVA','FORMACION','NIVEL BASICO',1,'2017-10-31','#5858FA',2,'14:00:00','NEUROCOBRANZA'),(68,'2017-10-27','2017-10-27','INDUCTIVA','ACTUALIZACION','NIVEL GENERAL',1,'2017-11-01','#5858FA',2,'14:30:00',' ACTUALIZACION DE CARTERA'),(69,'2017-10-13','2017-10-13','PREVENTIVA','ESPECIALIZACION','NIVEL GENERAL',1,'2017-11-01','#FE2E2E',2,'07:30:00','MOTIVACION-LENGUAJE COMPLEMENTARIO'),(70,'2017-10-13','2017-10-13','INDUCTIVA','FORMACION','NIVEL GENERAL',1,'2017-11-01','#40E0D0',2,'11:00:00','MOTIVACION-LENGUAJE COMPLEMENTARIO'),(71,'2017-10-05','2017-10-05','INDUCTIVA','PERFECCIONAMIENTO','NIVEL GENERAL',0,'2017-11-01','#40E0D0',0,'11:00:00',''),(72,'2017-10-05','2017-10-05','CORRECTIVA','PERFECCIONAMIENTO','NIVEL GENERAL',1,'2017-11-01','#FE2E2E',2,'11:00:00','NEGOCIACION '),(73,'2017-10-06','2017-10-06','PREVENTIVA','PERFECCIONAMIENTO','NIVEL GENERAL',1,'2017-11-01','#12BA60',2,'10:30:00','MOTIVACION- HACIA LA PRODUCTIVIDAD'),(74,'2017-11-01','2017-11-01','INDUCTIVA','ACTUALIZACION','NIVEL GENERAL',0,'2017-11-01','#5858FA',2,'09:00:00',''),(75,'2017-11-01','2017-11-01','PREVENTIVA','FORMACION','NIVEL GENERAL',1,'2017-11-08','#B4045F',1,'09:30:00','SEGURIDAD DE LA INFORMACION R.'),(76,'2017-11-14','2017-11-14','PREVENTIVA','ACTUALIZACION','NIVEL GENERAL',1,'2017-11-08','#1D6CD4',2,'11:00:00','GESTOR DE COBRANZA'),(77,'2017-11-17','2017-11-17','PREVENTIVA','ACTUALIZACION','NIVEL GENERAL',1,'2017-11-08','#FE2E2E',1,'08:00:00','SEGURIDAD DE LA INFORMACION'),(78,'0000-00-00','2017-11-18','PREVENTIVA','FORMACION','NIVEL BASICO',0,'2017-11-09','#5858FA',0,'14:00:00',''),(79,'0000-00-00','0000-00-00','PREVENTIVA','ACTUALIZACION','NIVEL BASICO',0,'2017-11-10','#5858FA',0,'12:00:00',''),(80,'2017-11-16','2017-11-16','PREVENTIVA','FORMACION','NIVEL GENERAL',0,'2017-11-10','#B4045F',0,'01:58:00',''),(81,'2017-11-15','2017-11-15','CORRECTIVA','FORMACION','NIVEL GENERAL',1,'2017-11-14','#FE2E2E',1,'07:30:00','MOTIVACION- HACIA LA PRODUCTIVIDAD'),(82,'2017-11-15','2017-11-15','CORRECTIVA','FORMACION','NIVEL GENERAL',1,'2017-11-14','#5858FA',0,'08:30:00','MOTIVACION- HACIA LA PRODUCTIVIDAD'),(83,'2017-11-17','2017-11-17','PREVENTIVA','FORMACION','NIVEL GENERAL',0,'2017-11-15','#FE2E2E',0,'08:30:00',''),(84,'2017-11-23','2017-11-23','DESARROLLO DE LA CARRERA','FORMACION','NIVEL GENERAL',1,'2017-11-20','#B4045F',2,'16:00:00','MOTIVACION- HACIA LA PRODUCTIVIDAD'),(85,'2017-11-22','2017-11-22','CORRECTIVA','FORMACION','NIVEL GENERAL',0,'2017-11-21','#1D6CD4',1,'15:00:00',''),(86,'2017-11-22','2017-11-22','CORRECTIVA','FORMACION','NIVEL GENERAL',1,'2017-11-22','#FE2E2E',1,'16:00:00','MOTIVACION- HACIA LA PRODUCTIVIDAD'),(87,'2017-11-22','2017-11-22','CORRECTIVA','FORMACION','NIVEL GENERAL',0,'2017-11-22','#FF8C00',2,'16:00:00',''),(88,'2017-11-29','2017-11-29','PREVENTIVA','ACTUALIZACION','NIVEL GENERAL',1,'2017-11-28','#FE2E2E',2,'07:00:00','SARO -SARLAFT'),(89,'2017-11-29','2017-11-29','PREVENTIVA','FORMACION','NIVEL GENERAL',1,'2017-11-28','#FE2E2E',1,'07:00:00','SARLAFT'),(90,'2017-11-29','2017-11-29','PREVENTIVA','ACTUALIZACION','NIVEL GENERAL',1,'2017-11-29','#FF8C00',1,'08:00:00','GESTION DE COBRANZA '),(91,'2017-12-04','2017-12-04','PREVENTIVA','ACTUALIZACION','NIVEL GENERAL',1,'2017-12-04','#1D6CD4',1,'00:00:00','CAPACITACION SARO-SARLAFT'),(92,'2017-12-06','2017-12-06','CORRECTIVA','FORMACION','NIVEL GENERAL',0,'2017-12-05','#FF8C00',0,'16:00:00',''),(93,'2017-12-06','2017-12-06','CORRECTIVA','FORMACION','NIVEL GENERAL',0,'2017-12-05','#FF8C00',1,'16:00:00',''),(94,'2017-12-07','2017-12-07','DESARROLLO DE LA CARRERA','FORMACION','NIVEL GENERAL',1,'2017-12-05','#1D6CD4',1,'04:00:00','MOTIVACION-HACIA LA PRODUCTIVIDAD'),(95,'2017-12-07','2017-12-07','DESARROLLO DE LA CARRERA','PERFECCIONAMIENTO','NIVEL GENERAL',1,'2017-12-05','#40E0D0',1,'16:00:00','MOTIVACION-LENGUAJE COMPLEMENTARIO'),(96,'2017-12-11','2017-12-11','DESARROLLO DE LA CARRERA','FORMACION','NIVEL GENERAL',0,'2017-12-05','#FE2E2E',1,'16:00:00',''),(97,'2017-12-13','2017-12-13','PREVENTIVA','FORMACION','NIVEL GENERAL',0,'2017-12-05','#5858FA',0,'20:00:00',''),(98,'2017-12-06','2017-12-06','PREVENTIVA','FORMACION','NIVEL GENERAL',1,'2017-12-05','#40E0D0',1,'16:00:00','MOTIVACION-LENGUAJE COMPLEMENTARIO'),(99,'2017-12-11','2017-12-11','PREVENTIVA','FORMACION','NIVEL GENERAL',1,'2017-12-05','#40E0D0',1,'16:00:00','MOTIVACION-LENGUAJE COMPLEMENTARIO'),(100,'2017-12-12','2017-12-12','PREVENTIVA','FORMACION','NIVEL GENERAL',1,'2017-12-05','#12BA60',1,'16:00:00','MOTIVACION- HACIA LA PRODUCTIVIDAD'),(101,'2018-01-12','2018-01-12','DESARROLLO DE LA CARRERA','PERFECCIONAMIENTO','NIVEL GENERAL',0,'2017-12-13','#1D6CD4',2,'16:00:00',''),(102,'2017-12-18','2017-12-18','INDUCTIVA','ACTUALIZACION','NIVEL GENERAL',0,'2017-12-18','#12BA60',1,'13:59:00','GESTION DE LA COBRANZA I'),(103,'2017-12-19','2017-12-19','INDUCTIVA','FORMACION','NIVEL BASICO',0,'2017-12-18','#40E0D0',2,'16:00:00','EMPRENDIMIENTO'),(104,'2017-12-20','2017-12-20','PREVENTIVA','ACTUALIZACION','NIVEL BASICO',0,'2017-12-18','#B4045F',1,'15:00:00','COMUNICACION IV'),(105,'2017-12-21','2017-12-21','PREVENTIVA','ACTUALIZACION','NIVEL BASICO',0,'2017-12-18','#B4045F',1,'15:00:00','Highcharts Demo'),(106,'2017-12-22','2017-12-22','INDUCTIVA','PERFECCIONAMIENTO','NIVEL BASICO',0,'2017-12-18','#12BA60',1,'23:59:00','COMUNICACION'),(107,'0000-00-00','0000-00-00','','','',0,'2017-12-18','',0,'00:00:00',''),(108,'0000-00-00','0000-00-00','','','',0,'2017-12-18','',0,'00:00:00',''),(109,'2018-01-31','2018-01-31','CORRECTIVA','ACTUALIZACION','NIVEL GENERAL',1,'2017-12-26','#40E0D0',0,'15:00:00','TALLER COBRANZA'),(110,'2018-02-28','2018-02-28','PREVENTIVA','ACTUALIZACION','NIVEL GENERAL',1,'2017-12-26','#1D6CD4',0,'15:00:00','TALLER COBRANZA'),(111,'2018-03-29','2018-03-29','PREVENTIVA','ACTUALIZACION','NIVEL GENERAL',1,'2017-12-26','#12BA60',0,'15:00:00','TALLER COBRANZA'),(112,'2018-03-30','2018-03-30','PREVENTIVA','ACTUALIZACION','NIVEL GENERAL',1,'2017-12-26','#5858FA',0,'15:00:00','PROTECCION DE DATOS SEGURIDAD DE LA INFORMACI'),(113,'2018-04-30','2018-04-30','PREVENTIVA','ACTUALIZACION','NIVEL GENERAL',1,'2017-12-26','#B4045F',0,'15:00:00','TALLER COBRANZA'),(114,'2018-05-31','2018-05-31','PREVENTIVA','ACTUALIZACION','NIVEL GENERAL',1,'2017-12-26','#FF8C00',0,'15:00:00','TALLER COBRANZA'),(115,'2018-06-28','2018-06-28','PREVENTIVA','ACTUALIZACION','NIVEL GENERAL',1,'2017-12-26','#1D6CD4',0,'15:00:00','TALLER COBRANZA'),(116,'2018-06-29','2018-06-29','PREVENTIVA','ACTUALIZACION','NIVEL GENERAL',1,'2017-12-26','#40E0D0',0,'15:00:00','PROTECCION DE DATOS SEGURIDAD DE LA INFORMACI'),(117,'2018-07-30','2018-07-30','PREVENTIVA','ACTUALIZACION','NIVEL GENERAL',1,'2017-12-26','#12BA60',0,'15:00:00','TALLER COBRANZA'),(118,'2018-08-31','2018-08-31','PREVENTIVA','ACTUALIZACION','NIVEL GENERAL',1,'2017-12-26','#5858FA',0,'15:00:00','TALLER COBRANZA'),(119,'2018-09-28','2018-09-28','PREVENTIVA','ACTUALIZACION','NIVEL GENERAL',1,'2017-12-26','#5858FA',0,'15:00:00','TALLER COBRANZA'),(120,'2018-10-31','2018-10-31','PREVENTIVA','ACTUALIZACION','NIVEL GENERAL',1,'2017-12-26','#B4045F',0,'15:00:00','TALLER COBRANZA'),(121,'2018-11-30','2018-11-30','PREVENTIVA','ACTUALIZACION','NIVEL GENERAL',1,'2017-12-26','#FF8C00',0,'15:00:00','TALLER COBRANZA'),(122,'2018-12-03','2018-12-03','PREVENTIVA','ACTUALIZACION','NIVEL GENERAL',1,'2017-12-26','#FE2E2E',0,'15:00:00','PROTECCION DE DATOS SEGURIDAD DE LA INFORMACI'),(123,'2018-02-02','2018-02-02','CORRECTIVA','FORMACION','NIVEL GENERAL',1,'2017-12-27','#40E0D0',0,'15:00:00','PROTECCION DE DATOS SEGURIDAD DE LA INFORMACI'),(124,'2018-01-10','2018-01-10','PREVENTIVA','ACTUALIZACION','NIVEL GENERAL',0,'2017-12-28','#5858FA',1,'15:00:00','Actividad 4');
/*!40000 ALTER TABLE `programacion` ENABLE KEYS */;
UNLOCK TABLES;

--
-- Table structure for table `rol`
--

DROP TABLE IF EXISTS `rol`;
/*!40101 SET @saved_cs_client     = @@character_set_client */;
/*!40101 SET character_set_client = utf8 */;
CREATE TABLE `rol` (
  `idRol` int(10) NOT NULL AUTO_INCREMENT,
  `rol` varchar(45) DEFAULT NULL,
  PRIMARY KEY (`idRol`)
) ENGINE=InnoDB AUTO_INCREMENT=3 DEFAULT CHARSET=latin1;
/*!40101 SET character_set_client = @saved_cs_client */;

--
-- Dumping data for table `rol`
--

LOCK TABLES `rol` WRITE;
/*!40000 ALTER TABLE `rol` DISABLE KEYS */;
INSERT INTO `rol` VALUES (1,'Usuario'),(2,'Administrador');
/*!40000 ALTER TABLE `rol` ENABLE KEYS */;
UNLOCK TABLES;

--
-- Table structure for table `tema`
--

DROP TABLE IF EXISTS `tema`;
/*!40101 SET @saved_cs_client     = @@character_set_client */;
/*!40101 SET character_set_client = utf8 */;
CREATE TABLE `tema` (
  `idTema` int(10) NOT NULL AUTO_INCREMENT,
  `nombre` varchar(45) NOT NULL,
  `descripcion` varchar(100) DEFAULT NULL,
  `visibilidad` tinyint(1) NOT NULL,
  PRIMARY KEY (`idTema`),
  UNIQUE KEY `nombre` (`nombre`)
) ENGINE=InnoDB AUTO_INCREMENT=4 DEFAULT CHARSET=latin1;
/*!40101 SET character_set_client = @saved_cs_client */;

--
-- Dumping data for table `tema`
--

LOCK TABLES `tema` WRITE;
/*!40000 ALTER TABLE `tema` DISABLE KEYS */;
INSERT INTO `tema` VALUES (1,'partes del cerebro y caracteristicas','              cerebro reptilico',0),(2,'prueba ','PRUEBA              ',0),(3,'cerebro reptilico ','              ',1);
/*!40000 ALTER TABLE `tema` ENABLE KEYS */;
UNLOCK TABLES;

--
-- Table structure for table `tipocontrato`
--

DROP TABLE IF EXISTS `tipocontrato`;
/*!40101 SET @saved_cs_client     = @@character_set_client */;
/*!40101 SET character_set_client = utf8 */;
CREATE TABLE `tipocontrato` (
  `idtipoContrato` int(10) NOT NULL AUTO_INCREMENT,
  `nombre` varchar(45) NOT NULL,
  PRIMARY KEY (`idtipoContrato`)
) ENGINE=InnoDB AUTO_INCREMENT=4 DEFAULT CHARSET=latin1;
/*!40101 SET character_set_client = @saved_cs_client */;

--
-- Dumping data for table `tipocontrato`
--

LOCK TABLES `tipocontrato` WRITE;
/*!40000 ALTER TABLE `tipocontrato` DISABLE KEYS */;
INSERT INTO `tipocontrato` VALUES (1,'Definido'),(2,'Indefinido'),(3,'Aprendizaje');
/*!40000 ALTER TABLE `tipocontrato` ENABLE KEYS */;
UNLOCK TABLES;

--
-- Table structure for table `tiponivelescolar`
--

DROP TABLE IF EXISTS `tiponivelescolar`;
/*!40101 SET @saved_cs_client     = @@character_set_client */;
/*!40101 SET character_set_client = utf8 */;
CREATE TABLE `tiponivelescolar` (
  `idtipoNivelEscolar` int(10) NOT NULL AUTO_INCREMENT,
  `nombre` varchar(45) NOT NULL,
  `descripcion` varchar(45) DEFAULT NULL,
  PRIMARY KEY (`idtipoNivelEscolar`)
) ENGINE=InnoDB AUTO_INCREMENT=6 DEFAULT CHARSET=latin1;
/*!40101 SET character_set_client = @saved_cs_client */;

--
-- Dumping data for table `tiponivelescolar`
--

LOCK TABLES `tiponivelescolar` WRITE;
/*!40000 ALTER TABLE `tiponivelescolar` DISABLE KEYS */;
INSERT INTO `tiponivelescolar` VALUES (1,'Bachiller',NULL),(2,'Tecnico',NULL),(3,'Tecnologo',NULL),(4,'Profesional',NULL),(5,'Sin asignar',NULL);
/*!40000 ALTER TABLE `tiponivelescolar` ENABLE KEYS */;
UNLOCK TABLES;

--
-- Table structure for table `usuario`
--

DROP TABLE IF EXISTS `usuario`;
/*!40101 SET @saved_cs_client     = @@character_set_client */;
/*!40101 SET character_set_client = utf8 */;
CREATE TABLE `usuario` (
  `numeroDocumento` varchar(100) NOT NULL,
  `nombreUsuario` varchar(100) NOT NULL,
  `contrasena` varchar(100) NOT NULL,
  `visibilidad` tinyint(1) NOT NULL,
  `rol` int(10) NOT NULL,
  PRIMARY KEY (`numeroDocumento`),
  KEY `fk_Usuario_Rol1_idx` (`rol`),
  CONSTRAINT `fk_Usuario_Rol1` FOREIGN KEY (`rol`) REFERENCES `rol` (`idRol`) ON DELETE NO ACTION ON UPDATE NO ACTION
) ENGINE=InnoDB DEFAULT CHARSET=latin1;
/*!40101 SET character_set_client = @saved_cs_client */;

--
-- Dumping data for table `usuario`
--

LOCK TABLES `usuario` WRITE;
/*!40000 ALTER TABLE `usuario` DISABLE KEYS */;
INSERT INTO `usuario` VALUES ('1022439400','Maria Nelida Montes','1022439400',1,1),('1023923155','Alexandra Galindo Cante','1023923155',1,1),('14211392','Rafael Cespedes Varon','14211392',1,1),('52054391','GUIOMAR VIDAL CESPEDES','52054391',1,1),('79572170','Orlando Ochoa','75321',1,1);
/*!40000 ALTER TABLE `usuario` ENABLE KEYS */;
UNLOCK TABLES;

--
-- Temporary table structure for view `ver_programacion`
--

DROP TABLE IF EXISTS `ver_programacion`;
/*!50001 DROP VIEW IF EXISTS `ver_programacion`*/;
SET @saved_cs_client     = @@character_set_client;
SET character_set_client = utf8;
/*!50001 CREATE TABLE `ver_programacion` (
  `idProgramacion` tinyint NOT NULL,
  `tipoCapacitacion` tinyint NOT NULL,
  `modalidad` tinyint NOT NULL,
  `fechaInicio` tinyint NOT NULL,
  `fechaFin` tinyint NOT NULL,
  `nivel` tinyint NOT NULL,
  `modulo` tinyint NOT NULL
) ENGINE=MyISAM */;
SET character_set_client = @saved_cs_client;

--
-- Temporary table structure for view `ver_programacionesproximas`
--

DROP TABLE IF EXISTS `ver_programacionesproximas`;
/*!50001 DROP VIEW IF EXISTS `ver_programacionesproximas`*/;
SET @saved_cs_client     = @@character_set_client;
SET character_set_client = utf8;
/*!50001 CREATE TABLE `ver_programacionesproximas` (
  `idProgramacion` tinyint NOT NULL,
  `fechaInicio` tinyint NOT NULL,
  `titulo` tinyint NOT NULL,
  `estado` tinyint NOT NULL,
  `color` tinyint NOT NULL
) ENGINE=MyISAM */;
SET character_set_client = @saved_cs_client;

--
-- Temporary table structure for view `ver_programacionfinalizadas`
--

DROP TABLE IF EXISTS `ver_programacionfinalizadas`;
/*!50001 DROP VIEW IF EXISTS `ver_programacionfinalizadas`*/;
SET @saved_cs_client     = @@character_set_client;
SET character_set_client = utf8;
/*!50001 CREATE TABLE `ver_programacionfinalizadas` (
  `idProgramacion` tinyint NOT NULL,
  `fechaInicio` tinyint NOT NULL,
  `fechaFin` tinyint NOT NULL,
  `modalidad` tinyint NOT NULL,
  `nivel` tinyint NOT NULL,
  `tipoCapacitacion` tinyint NOT NULL,
  `fechaReg` tinyint NOT NULL,
  `color` tinyint NOT NULL
) ENGINE=MyISAM */;
SET character_set_client = @saved_cs_client;

--
-- Temporary table structure for view `verempprogramados`
--

DROP TABLE IF EXISTS `verempprogramados`;
/*!50001 DROP VIEW IF EXISTS `verempprogramados`*/;
SET @saved_cs_client     = @@character_set_client;
SET character_set_client = utf8;
/*!50001 CREATE TABLE `verempprogramados` (
  `nombreCompleto` tinyint NOT NULL,
  `documento` tinyint NOT NULL,
  `idProgramacion` tinyint NOT NULL,
  `area` tinyint NOT NULL,
  `nivelEscolar` tinyint NOT NULL,
  `empresa` tinyint NOT NULL
) ENGINE=MyISAM */;
SET character_set_client = @saved_cs_client;

--
-- Dumping events for database 'dbcontrolcapacitacion'
--

--
-- Dumping routines for database 'dbcontrolcapacitacion'
--
/*!50003 DROP PROCEDURE IF EXISTS `actualizarEmpleado` */;
/*!50003 SET @saved_cs_client      = @@character_set_client */ ;
/*!50003 SET @saved_cs_results     = @@character_set_results */ ;
/*!50003 SET @saved_col_connection = @@collation_connection */ ;
/*!50003 SET character_set_client  = utf8 */ ;
/*!50003 SET character_set_results = utf8 */ ;
/*!50003 SET collation_connection  = utf8_general_ci */ ;
/*!50003 SET @saved_sql_mode       = @@sql_mode */ ;
/*!50003 SET sql_mode              = 'NO_AUTO_CREATE_USER,NO_ENGINE_SUBSTITUTION' */ ;
DELIMITER ;;
CREATE DEFINER=`root`@`localhost` PROCEDURE `actualizarEmpleado`(
 _documento  VARCHAR(45),
_nombreCompleto VARCHAR(45),
_telefono VARCHAR(45),
_correo VARCHAR(45),
_departamento int(10),
_tipoNivelEscolar int(10),
_tipoContrato INT(10),
_fechaInicio DATE,
_fechaFin varchar(45),
_empresa VARCHAR(45),
_numContrato VARCHAR(45)
)
BEGIN

	UPDATE Contrato  SET 
    TipoContrato_idTipoContrato=_tipocontrato,
    fechaInicioLaboral=_fechaInicio, 
    fechaTerminacionContrato=_fechaFin,
    empresa =_empresa,numContrato=_numContrato
    WHERE idContrato = (SELECT Contrato_idContrato FROM Empleado WHERE documento = _documento);
    
	UPDATE Empleado SET 
    nombreCompleto=_nombreCompleto,
    telefono=_telefono,correoElectronico=_correo,
    Departamento_idDepartamento=_departamento,
    tipoNivelEscolar_idTipoNivelEscolar=_tipoNivelEscolar
    WHERE documento=_documento;
    
    
END ;;
DELIMITER ;
/*!50003 SET sql_mode              = @saved_sql_mode */ ;
/*!50003 SET character_set_client  = @saved_cs_client */ ;
/*!50003 SET character_set_results = @saved_cs_results */ ;
/*!50003 SET collation_connection  = @saved_col_connection */ ;
/*!50003 DROP PROCEDURE IF EXISTS `actualizarEvaluacion` */;
/*!50003 SET @saved_cs_client      = @@character_set_client */ ;
/*!50003 SET @saved_cs_results     = @@character_set_results */ ;
/*!50003 SET @saved_col_connection = @@collation_connection */ ;
/*!50003 SET character_set_client  = utf8 */ ;
/*!50003 SET character_set_results = utf8 */ ;
/*!50003 SET collation_connection  = utf8_general_ci */ ;
/*!50003 SET @saved_sql_mode       = @@sql_mode */ ;
/*!50003 SET sql_mode              = 'NO_AUTO_CREATE_USER,NO_ENGINE_SUBSTITUTION' */ ;
DELIMITER ;;
CREATE DEFINER=`root`@`localhost` PROCEDURE `actualizarEvaluacion`(
_estado VARCHAR(45),
_observaciones VARCHAR(100),
_calificacion float,
_idAsigEmpleado int(10),
_idAsigModulo int(10))
BEGIN
	
    UPDATE evaluacion SET estado = _estado, observaciones = _observaciones,
     calificacion = _calificacion
     WHERE idAsigEmpleado = _idAsigEmpleado AND idAsigModulo = _idAsigModulo;
 
END ;;
DELIMITER ;
/*!50003 SET sql_mode              = @saved_sql_mode */ ;
/*!50003 SET character_set_client  = @saved_cs_client */ ;
/*!50003 SET character_set_results = @saved_cs_results */ ;
/*!50003 SET collation_connection  = @saved_col_connection */ ;
/*!50003 DROP PROCEDURE IF EXISTS `actualizarProgramacion` */;
/*!50003 SET @saved_cs_client      = @@character_set_client */ ;
/*!50003 SET @saved_cs_results     = @@character_set_results */ ;
/*!50003 SET @saved_col_connection = @@collation_connection */ ;
/*!50003 SET character_set_client  = utf8 */ ;
/*!50003 SET character_set_results = utf8 */ ;
/*!50003 SET collation_connection  = utf8_general_ci */ ;
/*!50003 SET @saved_sql_mode       = @@sql_mode */ ;
/*!50003 SET sql_mode              = 'NO_AUTO_CREATE_USER,NO_ENGINE_SUBSTITUTION' */ ;
DELIMITER ;;
CREATE DEFINER=`root`@`localhost` PROCEDURE `actualizarProgramacion`(
	
    _idProgramacion INT(10),
	_titulo varchar(45),
	_fechaInicio DATE,
    _fechaFin DATE,
    _tipoCap varchar (45),
    _modalidad VARCHAR(45),
    _nivel VARCHAR(45),
	_hora time)
BEGIN

	UPDATE programacion SET titulo=_titulo,fechaInicio=_fechaInicio,fechaFin=_fechaFin,tipoCapacitacion=_tipoCap,modalidad= _modalidad,nivel=_nivel,hora=_hora
    where idProgramacion=_idProgramacion;
END ;;
DELIMITER ;
/*!50003 SET sql_mode              = @saved_sql_mode */ ;
/*!50003 SET character_set_client  = @saved_cs_client */ ;
/*!50003 SET character_set_results = @saved_cs_results */ ;
/*!50003 SET collation_connection  = @saved_col_connection */ ;
/*!50003 DROP PROCEDURE IF EXISTS `actualizarUsuario` */;
/*!50003 SET @saved_cs_client      = @@character_set_client */ ;
/*!50003 SET @saved_cs_results     = @@character_set_results */ ;
/*!50003 SET @saved_col_connection = @@collation_connection */ ;
/*!50003 SET character_set_client  = utf8 */ ;
/*!50003 SET character_set_results = utf8 */ ;
/*!50003 SET collation_connection  = utf8_general_ci */ ;
/*!50003 SET @saved_sql_mode       = @@sql_mode */ ;
/*!50003 SET sql_mode              = 'ONLY_FULL_GROUP_BY,STRICT_TRANS_TABLES,NO_ZERO_IN_DATE,NO_ZERO_DATE,ERROR_FOR_DIVISION_BY_ZERO,NO_AUTO_CREATE_USER,NO_ENGINE_SUBSTITUTION' */ ;
DELIMITER ;;
CREATE DEFINER=`root`@`localhost` PROCEDURE `actualizarUsuario`(
_numeroDocumento VARCHAR(45),
_nombreUsuario VARCHAR (45),
_contrasena VARCHAR(100),
_rol int(10)
)
BEGIN
UPDATE Usuario SET nombreUsuario = _nombreUsuario,numeroDocumento=_numeroDocumento,contrasena=_contrasena,
rol=_rol 
WHERE numeroDocumento=_numeroDocumento;

END ;;
DELIMITER ;
/*!50003 SET sql_mode              = @saved_sql_mode */ ;
/*!50003 SET character_set_client  = @saved_cs_client */ ;
/*!50003 SET character_set_results = @saved_cs_results */ ;
/*!50003 SET collation_connection  = @saved_col_connection */ ;
/*!50003 DROP PROCEDURE IF EXISTS `asignarTema` */;
/*!50003 SET @saved_cs_client      = @@character_set_client */ ;
/*!50003 SET @saved_cs_results     = @@character_set_results */ ;
/*!50003 SET @saved_col_connection = @@collation_connection */ ;
/*!50003 SET character_set_client  = utf8 */ ;
/*!50003 SET character_set_results = utf8 */ ;
/*!50003 SET collation_connection  = utf8_general_ci */ ;
/*!50003 SET @saved_sql_mode       = @@sql_mode */ ;
/*!50003 SET sql_mode              = 'ONLY_FULL_GROUP_BY,STRICT_TRANS_TABLES,NO_ZERO_IN_DATE,NO_ZERO_DATE,ERROR_FOR_DIVISION_BY_ZERO,NO_AUTO_CREATE_USER,NO_ENGINE_SUBSTITUTION' */ ;
DELIMITER ;;
CREATE DEFINER=`root`@`localhost` PROCEDURE `asignarTema`(
_idTema int(10),
_idModulo int(10))
BEGIN
	
   INSERT INTO AsigTema(idModulo,idTema)VALUES(_idTema,_idModulo);

END ;;
DELIMITER ;
/*!50003 SET sql_mode              = @saved_sql_mode */ ;
/*!50003 SET character_set_client  = @saved_cs_client */ ;
/*!50003 SET character_set_results = @saved_cs_results */ ;
/*!50003 SET collation_connection  = @saved_col_connection */ ;
/*!50003 DROP PROCEDURE IF EXISTS `buscarCorreo` */;
/*!50003 SET @saved_cs_client      = @@character_set_client */ ;
/*!50003 SET @saved_cs_results     = @@character_set_results */ ;
/*!50003 SET @saved_col_connection = @@collation_connection */ ;
/*!50003 SET character_set_client  = utf8 */ ;
/*!50003 SET character_set_results = utf8 */ ;
/*!50003 SET collation_connection  = utf8_general_ci */ ;
/*!50003 SET @saved_sql_mode       = @@sql_mode */ ;
/*!50003 SET sql_mode              = 'ONLY_FULL_GROUP_BY,STRICT_TRANS_TABLES,NO_ZERO_IN_DATE,NO_ZERO_DATE,ERROR_FOR_DIVISION_BY_ZERO,NO_AUTO_CREATE_USER,NO_ENGINE_SUBSTITUTION' */ ;
DELIMITER ;;
CREATE DEFINER=`root`@`localhost` PROCEDURE `buscarCorreo`(
 _documento VARCHAR(45)
 )
BEGIN
    SELECT count(*) AS usuario
    FROM Usuario
    where documento= _documento AND visibilidad = 1;
END ;;
DELIMITER ;
/*!50003 SET sql_mode              = @saved_sql_mode */ ;
/*!50003 SET character_set_client  = @saved_cs_client */ ;
/*!50003 SET character_set_results = @saved_cs_results */ ;
/*!50003 SET collation_connection  = @saved_col_connection */ ;
/*!50003 DROP PROCEDURE IF EXISTS `buscarUsuario` */;
/*!50003 SET @saved_cs_client      = @@character_set_client */ ;
/*!50003 SET @saved_cs_results     = @@character_set_results */ ;
/*!50003 SET @saved_col_connection = @@collation_connection */ ;
/*!50003 SET character_set_client  = utf8 */ ;
/*!50003 SET character_set_results = utf8 */ ;
/*!50003 SET collation_connection  = utf8_general_ci */ ;
/*!50003 SET @saved_sql_mode       = @@sql_mode */ ;
/*!50003 SET sql_mode              = 'ONLY_FULL_GROUP_BY,STRICT_TRANS_TABLES,NO_ZERO_IN_DATE,NO_ZERO_DATE,ERROR_FOR_DIVISION_BY_ZERO,NO_AUTO_CREATE_USER,NO_ENGINE_SUBSTITUTION' */ ;
DELIMITER ;;
CREATE DEFINER=`root`@`localhost` PROCEDURE `buscarUsuario`(
_documento VARCHAR(50)
)
BEGIN
 SELECT contrasena,numeroDocumento
 from Usuario 
 where numeroDocumento=_documento;

END ;;
DELIMITER ;
/*!50003 SET sql_mode              = @saved_sql_mode */ ;
/*!50003 SET character_set_client  = @saved_cs_client */ ;
/*!50003 SET character_set_results = @saved_cs_results */ ;
/*!50003 SET collation_connection  = @saved_col_connection */ ;
/*!50003 DROP PROCEDURE IF EXISTS `califCapacitador` */;
/*!50003 SET @saved_cs_client      = @@character_set_client */ ;
/*!50003 SET @saved_cs_results     = @@character_set_results */ ;
/*!50003 SET @saved_col_connection = @@collation_connection */ ;
/*!50003 SET character_set_client  = utf8 */ ;
/*!50003 SET character_set_results = utf8 */ ;
/*!50003 SET collation_connection  = utf8_general_ci */ ;
/*!50003 SET @saved_sql_mode       = @@sql_mode */ ;
/*!50003 SET sql_mode              = 'ONLY_FULL_GROUP_BY,STRICT_TRANS_TABLES,NO_ZERO_IN_DATE,NO_ZERO_DATE,ERROR_FOR_DIVISION_BY_ZERO,NO_AUTO_CREATE_USER,NO_ENGINE_SUBSTITUTION' */ ;
DELIMITER ;;
CREATE DEFINER=`root`@`localhost` PROCEDURE `califCapacitador`(
_idAsigModulo int(10),
_resultado VARCHAR(250)
)
BEGIN
	UPDATE AsigModulo set  resultCapacitador=_resultado
    WHERE idAsigModulo=_idAsigModulo;
  
END ;;
DELIMITER ;
/*!50003 SET sql_mode              = @saved_sql_mode */ ;
/*!50003 SET character_set_client  = @saved_cs_client */ ;
/*!50003 SET character_set_results = @saved_cs_results */ ;
/*!50003 SET collation_connection  = @saved_col_connection */ ;
/*!50003 DROP PROCEDURE IF EXISTS `cambiarContrasena` */;
/*!50003 SET @saved_cs_client      = @@character_set_client */ ;
/*!50003 SET @saved_cs_results     = @@character_set_results */ ;
/*!50003 SET @saved_col_connection = @@collation_connection */ ;
/*!50003 SET character_set_client  = utf8 */ ;
/*!50003 SET character_set_results = utf8 */ ;
/*!50003 SET collation_connection  = utf8_general_ci */ ;
/*!50003 SET @saved_sql_mode       = @@sql_mode */ ;
/*!50003 SET sql_mode              = 'ONLY_FULL_GROUP_BY,STRICT_TRANS_TABLES,NO_ZERO_IN_DATE,NO_ZERO_DATE,ERROR_FOR_DIVISION_BY_ZERO,NO_AUTO_CREATE_USER,NO_ENGINE_SUBSTITUTION' */ ;
DELIMITER ;;
CREATE DEFINER=`root`@`localhost` PROCEDURE `cambiarContrasena`(
 _doc VARCHAR(50),
 _pass varchar(255)
 )
BEGIN
    UPDATE usuario
    SET contrasena = _pass
    where numeroDocumento = _doc AND visibilidad = 1;
END ;;
DELIMITER ;
/*!50003 SET sql_mode              = @saved_sql_mode */ ;
/*!50003 SET character_set_client  = @saved_cs_client */ ;
/*!50003 SET character_set_results = @saved_cs_results */ ;
/*!50003 SET collation_connection  = @saved_col_connection */ ;
/*!50003 DROP PROCEDURE IF EXISTS `consultarRol` */;
/*!50003 SET @saved_cs_client      = @@character_set_client */ ;
/*!50003 SET @saved_cs_results     = @@character_set_results */ ;
/*!50003 SET @saved_col_connection = @@collation_connection */ ;
/*!50003 SET character_set_client  = utf8 */ ;
/*!50003 SET character_set_results = utf8 */ ;
/*!50003 SET collation_connection  = utf8_general_ci */ ;
/*!50003 SET @saved_sql_mode       = @@sql_mode */ ;
/*!50003 SET sql_mode              = 'ONLY_FULL_GROUP_BY,STRICT_TRANS_TABLES,NO_ZERO_IN_DATE,NO_ZERO_DATE,ERROR_FOR_DIVISION_BY_ZERO,NO_AUTO_CREATE_USER,NO_ENGINE_SUBSTITUTION' */ ;
DELIMITER ;;
CREATE DEFINER=`root`@`localhost` PROCEDURE `consultarRol`(
_rol varchar (45)
)
BEGIN
SELECT idRol from Rol WHERE rol=_rol;

END ;;
DELIMITER ;
/*!50003 SET sql_mode              = @saved_sql_mode */ ;
/*!50003 SET character_set_client  = @saved_cs_client */ ;
/*!50003 SET character_set_results = @saved_cs_results */ ;
/*!50003 SET collation_connection  = @saved_col_connection */ ;
/*!50003 DROP PROCEDURE IF EXISTS `crearAsigancion` */;
/*!50003 SET @saved_cs_client      = @@character_set_client */ ;
/*!50003 SET @saved_cs_results     = @@character_set_results */ ;
/*!50003 SET @saved_col_connection = @@collation_connection */ ;
/*!50003 SET character_set_client  = utf8 */ ;
/*!50003 SET character_set_results = utf8 */ ;
/*!50003 SET collation_connection  = utf8_general_ci */ ;
/*!50003 SET @saved_sql_mode       = @@sql_mode */ ;
/*!50003 SET sql_mode              = 'ONLY_FULL_GROUP_BY,STRICT_TRANS_TABLES,NO_ZERO_IN_DATE,NO_ZERO_DATE,ERROR_FOR_DIVISION_BY_ZERO,NO_AUTO_CREATE_USER,NO_ENGINE_SUBSTITUTION' */ ;
DELIMITER ;;
CREATE DEFINER=`root`@`localhost` PROCEDURE `crearAsigancion`(
_estado VARCHAR (45),
_programacion_id VARCHAR (45),
_empleado_documento VARCHAR (45)
)
BEGIN
	INSERT INTO asignacion (estado,programacion_idProgramacion,empleado_documento) VALUES (_estado,_programacion_id,_empleado_documento);
END ;;
DELIMITER ;
/*!50003 SET sql_mode              = @saved_sql_mode */ ;
/*!50003 SET character_set_client  = @saved_cs_client */ ;
/*!50003 SET character_set_results = @saved_cs_results */ ;
/*!50003 SET collation_connection  = @saved_col_connection */ ;
/*!50003 DROP PROCEDURE IF EXISTS `crearAsigEmpleado` */;
/*!50003 SET @saved_cs_client      = @@character_set_client */ ;
/*!50003 SET @saved_cs_results     = @@character_set_results */ ;
/*!50003 SET @saved_col_connection = @@collation_connection */ ;
/*!50003 SET character_set_client  = utf8 */ ;
/*!50003 SET character_set_results = utf8 */ ;
/*!50003 SET collation_connection  = utf8_general_ci */ ;
/*!50003 SET @saved_sql_mode       = @@sql_mode */ ;
/*!50003 SET sql_mode              = 'ONLY_FULL_GROUP_BY,STRICT_TRANS_TABLES,NO_ZERO_IN_DATE,NO_ZERO_DATE,ERROR_FOR_DIVISION_BY_ZERO,NO_AUTO_CREATE_USER,NO_ENGINE_SUBSTITUTION' */ ;
DELIMITER ;;
CREATE DEFINER=`root`@`localhost` PROCEDURE `crearAsigEmpleado`(
    _idprogramacion int (10),
    _idEmpleado VARCHAR(100)
)
BEGIN
    
        INSERT INTO asigEmpleado(idEmpleado,idProgramacion) VALUES
        (_idEmpleado,_idProgramacion);
END ;;
DELIMITER ;
/*!50003 SET sql_mode              = @saved_sql_mode */ ;
/*!50003 SET character_set_client  = @saved_cs_client */ ;
/*!50003 SET character_set_results = @saved_cs_results */ ;
/*!50003 SET collation_connection  = @saved_col_connection */ ;
/*!50003 DROP PROCEDURE IF EXISTS `crearasignacionModulo` */;
/*!50003 SET @saved_cs_client      = @@character_set_client */ ;
/*!50003 SET @saved_cs_results     = @@character_set_results */ ;
/*!50003 SET @saved_col_connection = @@collation_connection */ ;
/*!50003 SET character_set_client  = utf8 */ ;
/*!50003 SET character_set_results = utf8 */ ;
/*!50003 SET collation_connection  = utf8_general_ci */ ;
/*!50003 SET @saved_sql_mode       = @@sql_mode */ ;
/*!50003 SET sql_mode              = 'ONLY_FULL_GROUP_BY,STRICT_TRANS_TABLES,NO_ZERO_IN_DATE,NO_ZERO_DATE,ERROR_FOR_DIVISION_BY_ZERO,NO_AUTO_CREATE_USER,NO_ENGINE_SUBSTITUTION' */ ;
DELIMITER ;;
CREATE DEFINER=`root`@`localhost` PROCEDURE `crearasignacionModulo`(
_idCapacitador VARCHAR (45),
_idProgramacion INT (10),
_idModulo INT(10))
BEGIN
INSERT INTO AsigModulo(idCapacitador,idProgramacion,idModulo)
VALUES(_idCapacitador,_idProgramacion,_idModulo);

END ;;
DELIMITER ;
/*!50003 SET sql_mode              = @saved_sql_mode */ ;
/*!50003 SET character_set_client  = @saved_cs_client */ ;
/*!50003 SET character_set_results = @saved_cs_results */ ;
/*!50003 SET collation_connection  = @saved_col_connection */ ;
/*!50003 DROP PROCEDURE IF EXISTS `crearAsignacionProgramacion` */;
/*!50003 SET @saved_cs_client      = @@character_set_client */ ;
/*!50003 SET @saved_cs_results     = @@character_set_results */ ;
/*!50003 SET @saved_col_connection = @@collation_connection */ ;
/*!50003 SET character_set_client  = utf8 */ ;
/*!50003 SET character_set_results = utf8 */ ;
/*!50003 SET collation_connection  = utf8_general_ci */ ;
/*!50003 SET @saved_sql_mode       = @@sql_mode */ ;
/*!50003 SET sql_mode              = 'NO_AUTO_CREATE_USER,NO_ENGINE_SUBSTITUTION' */ ;
DELIMITER ;;
CREATE DEFINER=`root`@`localhost` PROCEDURE `crearAsignacionProgramacion`(
_idCapacitador VARCHAR (45),
_idProgramacion INT (10),
_idModulo INT(10),
_idEmpleado VARCHAR(100)
)
BEGIN
		INSERT INTO AsigModulo(idCapacitador,idProgramacion,idModulo)
		VALUES(_idCapacitador,_idProgramacion,_idModulo);
        
        INSERT INTO asigEmpleado(idEmpleado,idProgramacion) 
        VALUES(_idEmpleado,_idProgramacion);
END ;;
DELIMITER ;
/*!50003 SET sql_mode              = @saved_sql_mode */ ;
/*!50003 SET character_set_client  = @saved_cs_client */ ;
/*!50003 SET character_set_results = @saved_cs_results */ ;
/*!50003 SET collation_connection  = @saved_col_connection */ ;
/*!50003 DROP PROCEDURE IF EXISTS `crearAsignacionTema` */;
/*!50003 SET @saved_cs_client      = @@character_set_client */ ;
/*!50003 SET @saved_cs_results     = @@character_set_results */ ;
/*!50003 SET @saved_col_connection = @@collation_connection */ ;
/*!50003 SET character_set_client  = utf8 */ ;
/*!50003 SET character_set_results = utf8 */ ;
/*!50003 SET collation_connection  = utf8_general_ci */ ;
/*!50003 SET @saved_sql_mode       = @@sql_mode */ ;
/*!50003 SET sql_mode              = 'ONLY_FULL_GROUP_BY,STRICT_TRANS_TABLES,NO_ZERO_IN_DATE,NO_ZERO_DATE,ERROR_FOR_DIVISION_BY_ZERO,NO_AUTO_CREATE_USER,NO_ENGINE_SUBSTITUTION' */ ;
DELIMITER ;;
CREATE DEFINER=`root`@`localhost` PROCEDURE `crearAsignacionTema`(
_idAsignacionTema INT(10),
_idmodulo int (10),
_idtema int(10)
)
BEGIN
	INSERT INTO asignaciontema (idmodulo,idtema)VALUES(_idmodulo,_idtema);
       
END ;;
DELIMITER ;
/*!50003 SET sql_mode              = @saved_sql_mode */ ;
/*!50003 SET character_set_client  = @saved_cs_client */ ;
/*!50003 SET character_set_results = @saved_cs_results */ ;
/*!50003 SET collation_connection  = @saved_col_connection */ ;
/*!50003 DROP PROCEDURE IF EXISTS `crearCapacitador` */;
/*!50003 SET @saved_cs_client      = @@character_set_client */ ;
/*!50003 SET @saved_cs_results     = @@character_set_results */ ;
/*!50003 SET @saved_col_connection = @@collation_connection */ ;
/*!50003 SET character_set_client  = utf8 */ ;
/*!50003 SET character_set_results = utf8 */ ;
/*!50003 SET collation_connection  = utf8_general_ci */ ;
/*!50003 SET @saved_sql_mode       = @@sql_mode */ ;
/*!50003 SET sql_mode              = 'ONLY_FULL_GROUP_BY,STRICT_TRANS_TABLES,NO_ZERO_IN_DATE,NO_ZERO_DATE,ERROR_FOR_DIVISION_BY_ZERO,NO_AUTO_CREATE_USER,NO_ENGINE_SUBSTITUTION' */ ;
DELIMITER ;;
CREATE DEFINER=`root`@`localhost` PROCEDURE `crearCapacitador`(
_documento int(20),
_nombre VARCHAR(45))
BEGIN
	
    INSERT INTO capacitador(documento,nombreCapacitador,visibilidad)VALUES(_documento,_nombre,1);

END ;;
DELIMITER ;
/*!50003 SET sql_mode              = @saved_sql_mode */ ;
/*!50003 SET character_set_client  = @saved_cs_client */ ;
/*!50003 SET character_set_results = @saved_cs_results */ ;
/*!50003 SET collation_connection  = @saved_col_connection */ ;
/*!50003 DROP PROCEDURE IF EXISTS `crearModulo` */;
/*!50003 SET @saved_cs_client      = @@character_set_client */ ;
/*!50003 SET @saved_cs_results     = @@character_set_results */ ;
/*!50003 SET @saved_col_connection = @@collation_connection */ ;
/*!50003 SET character_set_client  = utf8 */ ;
/*!50003 SET character_set_results = utf8 */ ;
/*!50003 SET collation_connection  = utf8_general_ci */ ;
/*!50003 SET @saved_sql_mode       = @@sql_mode */ ;
/*!50003 SET sql_mode              = 'NO_AUTO_CREATE_USER,NO_ENGINE_SUBSTITUTION' */ ;
DELIMITER ;;
CREATE DEFINER=`root`@`localhost` PROCEDURE `crearModulo`(
_nombreModulo VARCHAR(45),
_frecuencia INT(10),
_descripcion LONGTEXT,
_tipo int(5))
BEGIN
	INSERT INTO modulo (nombreModulo,frecuencia,descripcion,visibilidad,tipo) VALUES(_nombreModulo,_frecuencia,_descripcion,1,_tipo);
END ;;
DELIMITER ;
/*!50003 SET sql_mode              = @saved_sql_mode */ ;
/*!50003 SET character_set_client  = @saved_cs_client */ ;
/*!50003 SET character_set_results = @saved_cs_results */ ;
/*!50003 SET collation_connection  = @saved_col_connection */ ;
/*!50003 DROP PROCEDURE IF EXISTS `crearProgramacion` */;
/*!50003 SET @saved_cs_client      = @@character_set_client */ ;
/*!50003 SET @saved_cs_results     = @@character_set_results */ ;
/*!50003 SET @saved_col_connection = @@collation_connection */ ;
/*!50003 SET character_set_client  = utf8 */ ;
/*!50003 SET character_set_results = utf8 */ ;
/*!50003 SET collation_connection  = utf8_general_ci */ ;
/*!50003 SET @saved_sql_mode       = @@sql_mode */ ;
/*!50003 SET sql_mode              = 'NO_AUTO_CREATE_USER,NO_ENGINE_SUBSTITUTION' */ ;
DELIMITER ;;
CREATE DEFINER=`root`@`localhost` PROCEDURE `crearProgramacion`(
	_titulo varchar(45),	
	_fechaInicio DATE,
    _fechaFin DATE,
    _tipoCap varchar (45),
    _modalidad VARCHAR(45),
    _nivel VARCHAR(45),
_color varchar(7),
_hora time

    )
BEGIN

	INSERT INTO programacion(titulo,fechaInicio,fechaFin,tipoCapacitacion,modalidad,nivel,visibilidad,fechaReg,color,estado,hora) 
    VALUES(_titulo,_fechaInicio,_fechaFin,_tipoCap,_modalidad,_nivel,1,NOW(),_color,0,_hora);
    
END ;;
DELIMITER ;
/*!50003 SET sql_mode              = @saved_sql_mode */ ;
/*!50003 SET character_set_client  = @saved_cs_client */ ;
/*!50003 SET character_set_results = @saved_cs_results */ ;
/*!50003 SET collation_connection  = @saved_col_connection */ ;
/*!50003 DROP PROCEDURE IF EXISTS `elimAsigEmpleado` */;
/*!50003 SET @saved_cs_client      = @@character_set_client */ ;
/*!50003 SET @saved_cs_results     = @@character_set_results */ ;
/*!50003 SET @saved_col_connection = @@collation_connection */ ;
/*!50003 SET character_set_client  = utf8 */ ;
/*!50003 SET character_set_results = utf8 */ ;
/*!50003 SET collation_connection  = utf8_general_ci */ ;
/*!50003 SET @saved_sql_mode       = @@sql_mode */ ;
/*!50003 SET sql_mode              = 'ONLY_FULL_GROUP_BY,STRICT_TRANS_TABLES,NO_ZERO_IN_DATE,NO_ZERO_DATE,ERROR_FOR_DIVISION_BY_ZERO,NO_AUTO_CREATE_USER,NO_ENGINE_SUBSTITUTION' */ ;
DELIMITER ;;
CREATE DEFINER=`root`@`localhost` PROCEDURE `elimAsigEmpleado`(
_idAsignacion INT (10)

)
BEGIN
	DELETE FROM evaluacion 
	WHERE idAsigEmpleado = _idAsignacion;

	DELETE FROM asigEmpleado 
	WHERE idAsigEmpleado = _idAsignacion;


END ;;
DELIMITER ;
/*!50003 SET sql_mode              = @saved_sql_mode */ ;
/*!50003 SET character_set_client  = @saved_cs_client */ ;
/*!50003 SET character_set_results = @saved_cs_results */ ;
/*!50003 SET collation_connection  = @saved_col_connection */ ;
/*!50003 DROP PROCEDURE IF EXISTS `eliminarAsigModulo` */;
/*!50003 SET @saved_cs_client      = @@character_set_client */ ;
/*!50003 SET @saved_cs_results     = @@character_set_results */ ;
/*!50003 SET @saved_col_connection = @@collation_connection */ ;
/*!50003 SET character_set_client  = utf8 */ ;
/*!50003 SET character_set_results = utf8 */ ;
/*!50003 SET collation_connection  = utf8_general_ci */ ;
/*!50003 SET @saved_sql_mode       = @@sql_mode */ ;
/*!50003 SET sql_mode              = 'NO_AUTO_CREATE_USER,NO_ENGINE_SUBSTITUTION' */ ;
DELIMITER ;;
CREATE DEFINER=`root`@`localhost` PROCEDURE `eliminarAsigModulo`(
_idAsigModulo int (10)
)
BEGIN
DELETE  asigModulo FROM asigmodulo
WHERE idAsigModulo=_idAsigModulo;

END ;;
DELIMITER ;
/*!50003 SET sql_mode              = @saved_sql_mode */ ;
/*!50003 SET character_set_client  = @saved_cs_client */ ;
/*!50003 SET character_set_results = @saved_cs_results */ ;
/*!50003 SET collation_connection  = @saved_col_connection */ ;
/*!50003 DROP PROCEDURE IF EXISTS `eliminarAsignacionTema` */;
/*!50003 SET @saved_cs_client      = @@character_set_client */ ;
/*!50003 SET @saved_cs_results     = @@character_set_results */ ;
/*!50003 SET @saved_col_connection = @@collation_connection */ ;
/*!50003 SET character_set_client  = utf8 */ ;
/*!50003 SET character_set_results = utf8 */ ;
/*!50003 SET collation_connection  = utf8_general_ci */ ;
/*!50003 SET @saved_sql_mode       = @@sql_mode */ ;
/*!50003 SET sql_mode              = 'ONLY_FULL_GROUP_BY,STRICT_TRANS_TABLES,NO_ZERO_IN_DATE,NO_ZERO_DATE,ERROR_FOR_DIVISION_BY_ZERO,NO_AUTO_CREATE_USER,NO_ENGINE_SUBSTITUTION' */ ;
DELIMITER ;;
CREATE DEFINER=`root`@`localhost` PROCEDURE `eliminarAsignacionTema`(
_idAsignacionTema INT(10)
)
BEGIN

		DELETE FROM  asignaciontema 
		WHERE idAsignacionTema=_idAsignacionTema;
END ;;
DELIMITER ;
/*!50003 SET sql_mode              = @saved_sql_mode */ ;
/*!50003 SET character_set_client  = @saved_cs_client */ ;
/*!50003 SET character_set_results = @saved_cs_results */ ;
/*!50003 SET collation_connection  = @saved_col_connection */ ;
/*!50003 DROP PROCEDURE IF EXISTS `eliminarCapacitador` */;
/*!50003 SET @saved_cs_client      = @@character_set_client */ ;
/*!50003 SET @saved_cs_results     = @@character_set_results */ ;
/*!50003 SET @saved_col_connection = @@collation_connection */ ;
/*!50003 SET character_set_client  = utf8 */ ;
/*!50003 SET character_set_results = utf8 */ ;
/*!50003 SET collation_connection  = utf8_general_ci */ ;
/*!50003 SET @saved_sql_mode       = @@sql_mode */ ;
/*!50003 SET sql_mode              = 'ONLY_FULL_GROUP_BY,STRICT_TRANS_TABLES,NO_ZERO_IN_DATE,NO_ZERO_DATE,ERROR_FOR_DIVISION_BY_ZERO,NO_AUTO_CREATE_USER,NO_ENGINE_SUBSTITUTION' */ ;
DELIMITER ;;
CREATE DEFINER=`root`@`localhost` PROCEDURE `eliminarCapacitador`(
_documento int(10))
BEGIN
	
   DELETE Capacitador from Capacitador where documento=_documento;

END ;;
DELIMITER ;
/*!50003 SET sql_mode              = @saved_sql_mode */ ;
/*!50003 SET character_set_client  = @saved_cs_client */ ;
/*!50003 SET character_set_results = @saved_cs_results */ ;
/*!50003 SET collation_connection  = @saved_col_connection */ ;
/*!50003 DROP PROCEDURE IF EXISTS `eliminarUsuario` */;
/*!50003 SET @saved_cs_client      = @@character_set_client */ ;
/*!50003 SET @saved_cs_results     = @@character_set_results */ ;
/*!50003 SET @saved_col_connection = @@collation_connection */ ;
/*!50003 SET character_set_client  = utf8 */ ;
/*!50003 SET character_set_results = utf8 */ ;
/*!50003 SET collation_connection  = utf8_general_ci */ ;
/*!50003 SET @saved_sql_mode       = @@sql_mode */ ;
/*!50003 SET sql_mode              = 'ONLY_FULL_GROUP_BY,STRICT_TRANS_TABLES,NO_ZERO_IN_DATE,NO_ZERO_DATE,ERROR_FOR_DIVISION_BY_ZERO,NO_AUTO_CREATE_USER,NO_ENGINE_SUBSTITUTION' */ ;
DELIMITER ;;
CREATE DEFINER=`root`@`localhost` PROCEDURE `eliminarUsuario`(
_numeroDocumento VARCHAR(20)
)
BEGIN
	DELETE usuario
    from usuario
    WHERE 
    numeroDocumento=_numeroDocumento;
END ;;
DELIMITER ;
/*!50003 SET sql_mode              = @saved_sql_mode */ ;
/*!50003 SET character_set_client  = @saved_cs_client */ ;
/*!50003 SET character_set_results = @saved_cs_results */ ;
/*!50003 SET collation_connection  = @saved_col_connection */ ;
/*!50003 DROP PROCEDURE IF EXISTS `elimModulo` */;
/*!50003 SET @saved_cs_client      = @@character_set_client */ ;
/*!50003 SET @saved_cs_results     = @@character_set_results */ ;
/*!50003 SET @saved_col_connection = @@collation_connection */ ;
/*!50003 SET character_set_client  = utf8 */ ;
/*!50003 SET character_set_results = utf8 */ ;
/*!50003 SET collation_connection  = utf8_general_ci */ ;
/*!50003 SET @saved_sql_mode       = @@sql_mode */ ;
/*!50003 SET sql_mode              = 'ONLY_FULL_GROUP_BY,STRICT_TRANS_TABLES,NO_ZERO_IN_DATE,NO_ZERO_DATE,ERROR_FOR_DIVISION_BY_ZERO,NO_AUTO_CREATE_USER,NO_ENGINE_SUBSTITUTION' */ ;
DELIMITER ;;
CREATE DEFINER=`root`@`localhost` PROCEDURE `elimModulo`(
_idModulo int(10)
)
BEGIN
UPDATE  modulo SET visibilidad=0
where idModulo=_idModulo;
END ;;
DELIMITER ;
/*!50003 SET sql_mode              = @saved_sql_mode */ ;
/*!50003 SET character_set_client  = @saved_cs_client */ ;
/*!50003 SET character_set_results = @saved_cs_results */ ;
/*!50003 SET collation_connection  = @saved_col_connection */ ;
/*!50003 DROP PROCEDURE IF EXISTS `Evaluacion` */;
/*!50003 SET @saved_cs_client      = @@character_set_client */ ;
/*!50003 SET @saved_cs_results     = @@character_set_results */ ;
/*!50003 SET @saved_col_connection = @@collation_connection */ ;
/*!50003 SET character_set_client  = utf8 */ ;
/*!50003 SET character_set_results = utf8 */ ;
/*!50003 SET collation_connection  = utf8_general_ci */ ;
/*!50003 SET @saved_sql_mode       = @@sql_mode */ ;
/*!50003 SET sql_mode              = 'ONLY_FULL_GROUP_BY,STRICT_TRANS_TABLES,NO_ZERO_IN_DATE,NO_ZERO_DATE,ERROR_FOR_DIVISION_BY_ZERO,NO_AUTO_CREATE_USER,NO_ENGINE_SUBSTITUTION' */ ;
DELIMITER ;;
CREATE DEFINER=`root`@`localhost` PROCEDURE `Evaluacion`(
_asignacion int (10),
_asignacionTema int (10),
_programacion int (10),
_estado VARCHAR (45),
_observacion VARCHAR (45),
_calificacion int (10),
_idEmpleado VARCHAR(45),
_idAsModulo INT (10))
BEGIN

INSERT INTO Evaluacion (asignacion_idAsignacion,asignacionTema_idAsignacionTema,programacion,estado,observacion,calificacion,idEmpleado,idAsigModulo,visibilidad) VALUES
(_asignacion,_asignaciontema,_programacion,_estado,_observacion,_calificacion,_idEmpleado,_idAsModulo,1);
END ;;
DELIMITER ;
/*!50003 SET sql_mode              = @saved_sql_mode */ ;
/*!50003 SET character_set_client  = @saved_cs_client */ ;
/*!50003 SET character_set_results = @saved_cs_results */ ;
/*!50003 SET collation_connection  = @saved_col_connection */ ;
/*!50003 DROP PROCEDURE IF EXISTS `inhabilitarArchivo` */;
/*!50003 SET @saved_cs_client      = @@character_set_client */ ;
/*!50003 SET @saved_cs_results     = @@character_set_results */ ;
/*!50003 SET @saved_col_connection = @@collation_connection */ ;
/*!50003 SET character_set_client  = utf8 */ ;
/*!50003 SET character_set_results = utf8 */ ;
/*!50003 SET collation_connection  = utf8_general_ci */ ;
/*!50003 SET @saved_sql_mode       = @@sql_mode */ ;
/*!50003 SET sql_mode              = 'NO_AUTO_CREATE_USER,NO_ENGINE_SUBSTITUTION' */ ;
DELIMITER ;;
CREATE DEFINER=`root`@`localhost` PROCEDURE `inhabilitarArchivo`(
_id int(10))
BEGIN
	DELETE from Archivo where idArchivo=_id;
END ;;
DELIMITER ;
/*!50003 SET sql_mode              = @saved_sql_mode */ ;
/*!50003 SET character_set_client  = @saved_cs_client */ ;
/*!50003 SET character_set_results = @saved_cs_results */ ;
/*!50003 SET collation_connection  = @saved_col_connection */ ;
/*!50003 DROP PROCEDURE IF EXISTS `inhabilitarAsignacion` */;
/*!50003 SET @saved_cs_client      = @@character_set_client */ ;
/*!50003 SET @saved_cs_results     = @@character_set_results */ ;
/*!50003 SET @saved_col_connection = @@collation_connection */ ;
/*!50003 SET character_set_client  = utf8 */ ;
/*!50003 SET character_set_results = utf8 */ ;
/*!50003 SET collation_connection  = utf8_general_ci */ ;
/*!50003 SET @saved_sql_mode       = @@sql_mode */ ;
/*!50003 SET sql_mode              = 'ONLY_FULL_GROUP_BY,STRICT_TRANS_TABLES,NO_ZERO_IN_DATE,NO_ZERO_DATE,ERROR_FOR_DIVISION_BY_ZERO,NO_AUTO_CREATE_USER,NO_ENGINE_SUBSTITUTION' */ ;
DELIMITER ;;
CREATE DEFINER=`root`@`localhost` PROCEDURE `inhabilitarAsignacion`(
_idAsignacion INT (10))
BEGIN
	UPDATE  Evaluacion SET visibilidad=0
	WHERE idAsignacion=_idAsignacion;
END ;;
DELIMITER ;
/*!50003 SET sql_mode              = @saved_sql_mode */ ;
/*!50003 SET character_set_client  = @saved_cs_client */ ;
/*!50003 SET character_set_results = @saved_cs_results */ ;
/*!50003 SET collation_connection  = @saved_col_connection */ ;
/*!50003 DROP PROCEDURE IF EXISTS `inhabilitarEmpleado` */;
/*!50003 SET @saved_cs_client      = @@character_set_client */ ;
/*!50003 SET @saved_cs_results     = @@character_set_results */ ;
/*!50003 SET @saved_col_connection = @@collation_connection */ ;
/*!50003 SET character_set_client  = utf8 */ ;
/*!50003 SET character_set_results = utf8 */ ;
/*!50003 SET collation_connection  = utf8_general_ci */ ;
/*!50003 SET @saved_sql_mode       = @@sql_mode */ ;
/*!50003 SET sql_mode              = 'ONLY_FULL_GROUP_BY,STRICT_TRANS_TABLES,NO_ZERO_IN_DATE,NO_ZERO_DATE,ERROR_FOR_DIVISION_BY_ZERO,NO_AUTO_CREATE_USER,NO_ENGINE_SUBSTITUTION' */ ;
DELIMITER ;;
CREATE DEFINER=`root`@`localhost` PROCEDURE `inhabilitarEmpleado`(
_documento VARCHAR(45))
BEGIN

  UPDATE empleado set visibilidad=0 
  where documento=_documento;
  Update contrato set visibilidad = 0
 where Idcontrato = ( select contrato_idContrato from empleado where documento = _documento);
END ;;
DELIMITER ;
/*!50003 SET sql_mode              = @saved_sql_mode */ ;
/*!50003 SET character_set_client  = @saved_cs_client */ ;
/*!50003 SET character_set_results = @saved_cs_results */ ;
/*!50003 SET collation_connection  = @saved_col_connection */ ;
/*!50003 DROP PROCEDURE IF EXISTS `inhabilitarEvaluacion` */;
/*!50003 SET @saved_cs_client      = @@character_set_client */ ;
/*!50003 SET @saved_cs_results     = @@character_set_results */ ;
/*!50003 SET @saved_col_connection = @@collation_connection */ ;
/*!50003 SET character_set_client  = utf8 */ ;
/*!50003 SET character_set_results = utf8 */ ;
/*!50003 SET collation_connection  = utf8_general_ci */ ;
/*!50003 SET @saved_sql_mode       = @@sql_mode */ ;
/*!50003 SET sql_mode              = 'ONLY_FULL_GROUP_BY,STRICT_TRANS_TABLES,NO_ZERO_IN_DATE,NO_ZERO_DATE,ERROR_FOR_DIVISION_BY_ZERO,NO_AUTO_CREATE_USER,NO_ENGINE_SUBSTITUTION' */ ;
DELIMITER ;;
CREATE DEFINER=`root`@`localhost` PROCEDURE `inhabilitarEvaluacion`(
_idEvaluacion INT (10))
BEGIN

UPDATE  Evaluacion SET visibilidad=0
WHERE idEvaluacion=_idEvaluacion;
END ;;
DELIMITER ;
/*!50003 SET sql_mode              = @saved_sql_mode */ ;
/*!50003 SET character_set_client  = @saved_cs_client */ ;
/*!50003 SET character_set_results = @saved_cs_results */ ;
/*!50003 SET collation_connection  = @saved_col_connection */ ;
/*!50003 DROP PROCEDURE IF EXISTS `inhabilitarProgramacion` */;
/*!50003 SET @saved_cs_client      = @@character_set_client */ ;
/*!50003 SET @saved_cs_results     = @@character_set_results */ ;
/*!50003 SET @saved_col_connection = @@collation_connection */ ;
/*!50003 SET character_set_client  = utf8 */ ;
/*!50003 SET character_set_results = utf8 */ ;
/*!50003 SET collation_connection  = utf8_general_ci */ ;
/*!50003 SET @saved_sql_mode       = @@sql_mode */ ;
/*!50003 SET sql_mode              = 'ONLY_FULL_GROUP_BY,STRICT_TRANS_TABLES,NO_ZERO_IN_DATE,NO_ZERO_DATE,ERROR_FOR_DIVISION_BY_ZERO,NO_AUTO_CREATE_USER,NO_ENGINE_SUBSTITUTION' */ ;
DELIMITER ;;
CREATE DEFINER=`root`@`localhost` PROCEDURE `inhabilitarProgramacion`(
	_idProgramacion INT(10))
BEGIN

	UPDATE programacion SET visibilidad=0
    WHERE idProgramacion=_idProgramacion;

END ;;
DELIMITER ;
/*!50003 SET sql_mode              = @saved_sql_mode */ ;
/*!50003 SET character_set_client  = @saved_cs_client */ ;
/*!50003 SET character_set_results = @saved_cs_results */ ;
/*!50003 SET collation_connection  = @saved_col_connection */ ;
/*!50003 DROP PROCEDURE IF EXISTS `login` */;
/*!50003 SET @saved_cs_client      = @@character_set_client */ ;
/*!50003 SET @saved_cs_results     = @@character_set_results */ ;
/*!50003 SET @saved_col_connection = @@collation_connection */ ;
/*!50003 SET character_set_client  = utf8 */ ;
/*!50003 SET character_set_results = utf8 */ ;
/*!50003 SET collation_connection  = utf8_general_ci */ ;
/*!50003 SET @saved_sql_mode       = @@sql_mode */ ;
/*!50003 SET sql_mode              = 'ONLY_FULL_GROUP_BY,STRICT_TRANS_TABLES,NO_ZERO_IN_DATE,NO_ZERO_DATE,ERROR_FOR_DIVISION_BY_ZERO,NO_AUTO_CREATE_USER,NO_ENGINE_SUBSTITUTION' */ ;
DELIMITER ;;
CREATE DEFINER=`root`@`localhost` PROCEDURE `login`(
 _documento VARCHAR(45)
 )
BEGIN
    SELECt Usuario.*, Rol.idRol, Rol.rol  FROM Usuario
    INNER JOIN Rol ON usuario.rol = rol.idRol
    where numeroDocumento= _documento AND visibilidad = 1;
END ;;
DELIMITER ;
/*!50003 SET sql_mode              = @saved_sql_mode */ ;
/*!50003 SET character_set_client  = @saved_cs_client */ ;
/*!50003 SET character_set_results = @saved_cs_results */ ;
/*!50003 SET collation_connection  = @saved_col_connection */ ;
/*!50003 DROP PROCEDURE IF EXISTS `modificarAsignacion` */;
/*!50003 SET @saved_cs_client      = @@character_set_client */ ;
/*!50003 SET @saved_cs_results     = @@character_set_results */ ;
/*!50003 SET @saved_col_connection = @@collation_connection */ ;
/*!50003 SET character_set_client  = utf8 */ ;
/*!50003 SET character_set_results = utf8 */ ;
/*!50003 SET collation_connection  = utf8_general_ci */ ;
/*!50003 SET @saved_sql_mode       = @@sql_mode */ ;
/*!50003 SET sql_mode              = 'ONLY_FULL_GROUP_BY,STRICT_TRANS_TABLES,NO_ZERO_IN_DATE,NO_ZERO_DATE,ERROR_FOR_DIVISION_BY_ZERO,NO_AUTO_CREATE_USER,NO_ENGINE_SUBSTITUTION' */ ;
DELIMITER ;;
CREATE DEFINER=`root`@`localhost` PROCEDURE `modificarAsignacion`(
_idAsignacion INT (10),
_estado VARCHAR (45),
_programacion_id VARCHAR (45),
_empleado_documento VARCHAR (45)
)
BEGIN

	UPDATE Asignacion SET estado=_estado,programacion=_programacion,empleado_documento=_empleado_documento
	WHERE idAsignacion=_idAsignacion;
END ;;
DELIMITER ;
/*!50003 SET sql_mode              = @saved_sql_mode */ ;
/*!50003 SET character_set_client  = @saved_cs_client */ ;
/*!50003 SET character_set_results = @saved_cs_results */ ;
/*!50003 SET collation_connection  = @saved_col_connection */ ;
/*!50003 DROP PROCEDURE IF EXISTS `modificarAsignacionTema` */;
/*!50003 SET @saved_cs_client      = @@character_set_client */ ;
/*!50003 SET @saved_cs_results     = @@character_set_results */ ;
/*!50003 SET @saved_col_connection = @@collation_connection */ ;
/*!50003 SET character_set_client  = utf8 */ ;
/*!50003 SET character_set_results = utf8 */ ;
/*!50003 SET collation_connection  = utf8_general_ci */ ;
/*!50003 SET @saved_sql_mode       = @@sql_mode */ ;
/*!50003 SET sql_mode              = 'ONLY_FULL_GROUP_BY,STRICT_TRANS_TABLES,NO_ZERO_IN_DATE,NO_ZERO_DATE,ERROR_FOR_DIVISION_BY_ZERO,NO_AUTO_CREATE_USER,NO_ENGINE_SUBSTITUTION' */ ;
DELIMITER ;;
CREATE DEFINER=`root`@`localhost` PROCEDURE `modificarAsignacionTema`(
_idAsignacionTema INT(10),
_idmodulo int (10),
_idtema int(10)
)
BEGIN

		UPDATE asignaciontema SET idModulo=_idmodulo,idProgramacion=idTema
        WHERE idAsignacionTema=_idAsignacionTema;
END ;;
DELIMITER ;
/*!50003 SET sql_mode              = @saved_sql_mode */ ;
/*!50003 SET character_set_client  = @saved_cs_client */ ;
/*!50003 SET character_set_results = @saved_cs_results */ ;
/*!50003 SET collation_connection  = @saved_col_connection */ ;
/*!50003 DROP PROCEDURE IF EXISTS `modificarCapacitador` */;
/*!50003 SET @saved_cs_client      = @@character_set_client */ ;
/*!50003 SET @saved_cs_results     = @@character_set_results */ ;
/*!50003 SET @saved_col_connection = @@collation_connection */ ;
/*!50003 SET character_set_client  = utf8 */ ;
/*!50003 SET character_set_results = utf8 */ ;
/*!50003 SET collation_connection  = utf8_general_ci */ ;
/*!50003 SET @saved_sql_mode       = @@sql_mode */ ;
/*!50003 SET sql_mode              = 'ONLY_FULL_GROUP_BY,STRICT_TRANS_TABLES,NO_ZERO_IN_DATE,NO_ZERO_DATE,ERROR_FOR_DIVISION_BY_ZERO,NO_AUTO_CREATE_USER,NO_ENGINE_SUBSTITUTION' */ ;
DELIMITER ;;
CREATE DEFINER=`root`@`localhost` PROCEDURE `modificarCapacitador`(
_documento VARCHAR(45),
_nombre VARCHAR (45)
)
BEGIN
	
  Update Capacitador set documento=_documento,nombreCapacitador=_nombre 
  where documento=_documento;

END ;;
DELIMITER ;
/*!50003 SET sql_mode              = @saved_sql_mode */ ;
/*!50003 SET character_set_client  = @saved_cs_client */ ;
/*!50003 SET character_set_results = @saved_cs_results */ ;
/*!50003 SET collation_connection  = @saved_col_connection */ ;
/*!50003 DROP PROCEDURE IF EXISTS `modificarEvaluacion` */;
/*!50003 SET @saved_cs_client      = @@character_set_client */ ;
/*!50003 SET @saved_cs_results     = @@character_set_results */ ;
/*!50003 SET @saved_col_connection = @@collation_connection */ ;
/*!50003 SET character_set_client  = utf8 */ ;
/*!50003 SET character_set_results = utf8 */ ;
/*!50003 SET collation_connection  = utf8_general_ci */ ;
/*!50003 SET @saved_sql_mode       = @@sql_mode */ ;
/*!50003 SET sql_mode              = 'NO_AUTO_CREATE_USER,NO_ENGINE_SUBSTITUTION' */ ;
DELIMITER ;;
CREATE DEFINER=`root`@`localhost` PROCEDURE `modificarEvaluacion`(
_idAEvaluacion INT (10),
_asignacion int (10),
_asignacionTema int (10),
_programacion int (10),
_estado VARCHAR (45),
_calificacion float,
_idEmpleado VARCHAR(45),
_idAsModulo INT (10))
BEGIN

UPDATE  Evaluacion SET asignacion_idAsignacion=_asignacion,asignacionTema_idAsignacionTema=_asignaciontema,programacion=_programacion,
estado=_estado,calificacion=_calificacion,idEmpleado=_idEmpleado,idAsigModulo=_idAsModulo
WHERE idEvaluacion=_idEvaluacion;
END ;;
DELIMITER ;
/*!50003 SET sql_mode              = @saved_sql_mode */ ;
/*!50003 SET character_set_client  = @saved_cs_client */ ;
/*!50003 SET character_set_results = @saved_cs_results */ ;
/*!50003 SET collation_connection  = @saved_col_connection */ ;
/*!50003 DROP PROCEDURE IF EXISTS `modificarModulo` */;
/*!50003 SET @saved_cs_client      = @@character_set_client */ ;
/*!50003 SET @saved_cs_results     = @@character_set_results */ ;
/*!50003 SET @saved_col_connection = @@collation_connection */ ;
/*!50003 SET character_set_client  = utf8 */ ;
/*!50003 SET character_set_results = utf8 */ ;
/*!50003 SET collation_connection  = utf8_general_ci */ ;
/*!50003 SET @saved_sql_mode       = @@sql_mode */ ;
/*!50003 SET sql_mode              = 'NO_AUTO_CREATE_USER,NO_ENGINE_SUBSTITUTION' */ ;
DELIMITER ;;
CREATE DEFINER=`root`@`localhost` PROCEDURE `modificarModulo`(
_idModulo INT (10),
_nombreModulo VARCHAR(45),
_frecuencia INT(10),
_descripcion LONGTEXT,
_tipo int(5))
BEGIN
	UPDATE  MODULO SET nombreModulo=_nombreModulo,frecuencia=_frecuencia,descripcion=_descripcion,tipo=_tipo
    WHERE idModulo=_idModulo;
END ;;
DELIMITER ;
/*!50003 SET sql_mode              = @saved_sql_mode */ ;
/*!50003 SET character_set_client  = @saved_cs_client */ ;
/*!50003 SET character_set_results = @saved_cs_results */ ;
/*!50003 SET collation_connection  = @saved_col_connection */ ;
/*!50003 DROP PROCEDURE IF EXISTS `modificarTema` */;
/*!50003 SET @saved_cs_client      = @@character_set_client */ ;
/*!50003 SET @saved_cs_results     = @@character_set_results */ ;
/*!50003 SET @saved_col_connection = @@collation_connection */ ;
/*!50003 SET character_set_client  = utf8 */ ;
/*!50003 SET character_set_results = utf8 */ ;
/*!50003 SET collation_connection  = utf8_general_ci */ ;
/*!50003 SET @saved_sql_mode       = @@sql_mode */ ;
/*!50003 SET sql_mode              = 'ONLY_FULL_GROUP_BY,STRICT_TRANS_TABLES,NO_ZERO_IN_DATE,NO_ZERO_DATE,ERROR_FOR_DIVISION_BY_ZERO,NO_AUTO_CREATE_USER,NO_ENGINE_SUBSTITUTION' */ ;
DELIMITER ;;
CREATE DEFINER=`root`@`localhost` PROCEDURE `modificarTema`(
_idTema int(10),
_nombre varchar(45),
_estado varchar(45),
descripcion varchar(250))
BEGIN
	INSERT INTO TEMA (nombre,estado,descripcion) VALUES(_nombre,_estado,_descripcion);

END ;;
DELIMITER ;
/*!50003 SET sql_mode              = @saved_sql_mode */ ;
/*!50003 SET character_set_client  = @saved_cs_client */ ;
/*!50003 SET character_set_results = @saved_cs_results */ ;
/*!50003 SET collation_connection  = @saved_col_connection */ ;
/*!50003 DROP PROCEDURE IF EXISTS `registrarArchivo` */;
/*!50003 SET @saved_cs_client      = @@character_set_client */ ;
/*!50003 SET @saved_cs_results     = @@character_set_results */ ;
/*!50003 SET @saved_col_connection = @@collation_connection */ ;
/*!50003 SET character_set_client  = utf8 */ ;
/*!50003 SET character_set_results = utf8 */ ;
/*!50003 SET collation_connection  = utf8_general_ci */ ;
/*!50003 SET @saved_sql_mode       = @@sql_mode */ ;
/*!50003 SET sql_mode              = 'NO_AUTO_CREATE_USER,NO_ENGINE_SUBSTITUTION' */ ;
DELIMITER ;;
CREATE DEFINER=`root`@`localhost` PROCEDURE `registrarArchivo`(
_tipo varchar(45),
_tamano varchar(45),
_ruta varchar(45),
_id int(10)
)
BEGIN
insert into archivo (fechaReg,cargado,ruta,tipo,tamanio,idProgramacion) values (NOW(),1,_ruta,_tipo,_tamano,_id);

END ;;
DELIMITER ;
/*!50003 SET sql_mode              = @saved_sql_mode */ ;
/*!50003 SET character_set_client  = @saved_cs_client */ ;
/*!50003 SET character_set_results = @saved_cs_results */ ;
/*!50003 SET collation_connection  = @saved_col_connection */ ;
/*!50003 DROP PROCEDURE IF EXISTS `registrarEmpleado` */;
/*!50003 SET @saved_cs_client      = @@character_set_client */ ;
/*!50003 SET @saved_cs_results     = @@character_set_results */ ;
/*!50003 SET @saved_col_connection = @@collation_connection */ ;
/*!50003 SET character_set_client  = utf8 */ ;
/*!50003 SET character_set_results = utf8 */ ;
/*!50003 SET collation_connection  = utf8_general_ci */ ;
/*!50003 SET @saved_sql_mode       = @@sql_mode */ ;
/*!50003 SET sql_mode              = 'ONLY_FULL_GROUP_BY,STRICT_TRANS_TABLES,NO_ZERO_IN_DATE,NO_ZERO_DATE,ERROR_FOR_DIVISION_BY_ZERO,NO_AUTO_CREATE_USER,NO_ENGINE_SUBSTITUTION' */ ;
DELIMITER ;;
CREATE DEFINER=`root`@`localhost` PROCEDURE `registrarEmpleado`(
_documento VARCHAR(45),
_nombreCompleto VARCHAR(45),
_telefono VARCHAR(45),
_correoElectronico VARCHAR(45),
_tipoNivelEscolar int(10),
_tipoContrato INT(10),
_fechaInicioLaboral DATE,
_fechaTerminacionContrato DATE,
_idDepartamento int(10),
_empresa VARCHAR(45),
_numContrato VARCHAR (45))
BEGIN

	INSERT INTO Contrato(numContrato,fechaInicioLaboral,fechaTerminacionContrato,tipoContrato_idtipoContrato,empresa,visibilidad)
    VALUES(_numContrato,_fechaInicioLaboral,_fechaTerminacionContrato,_tipocontrato,_empresa,1);

	INSERT INTO Empleado(documento,nombreCompleto,telefono,correoElectronico,departamento_idDepartamento,Contrato_idContrato,tipoNivelEscolar_idtipoNivelEscolar,visibilidad) VALUES
    (_documento,_nombreCompleto,_telefono,_correoElectronico,_idDepartamento,(select contrato.idContrato FROM Contrato WHERE contrato.numContrato =_numContrato),_tipoNivelEscolar,1);

    
    
END ;;
DELIMITER ;
/*!50003 SET sql_mode              = @saved_sql_mode */ ;
/*!50003 SET character_set_client  = @saved_cs_client */ ;
/*!50003 SET character_set_results = @saved_cs_results */ ;
/*!50003 SET collation_connection  = @saved_col_connection */ ;
/*!50003 DROP PROCEDURE IF EXISTS `registrarEvaluacion` */;
/*!50003 SET @saved_cs_client      = @@character_set_client */ ;
/*!50003 SET @saved_cs_results     = @@character_set_results */ ;
/*!50003 SET @saved_col_connection = @@collation_connection */ ;
/*!50003 SET character_set_client  = utf8 */ ;
/*!50003 SET character_set_results = utf8 */ ;
/*!50003 SET collation_connection  = utf8_general_ci */ ;
/*!50003 SET @saved_sql_mode       = @@sql_mode */ ;
/*!50003 SET sql_mode              = 'NO_AUTO_CREATE_USER,NO_ENGINE_SUBSTITUTION' */ ;
DELIMITER ;;
CREATE DEFINER=`root`@`localhost` PROCEDURE `registrarEvaluacion`(
_estado VARCHAR(45),
_observaciones VARCHAR(100),
_calificacion float,
_idAsigEmpleado int(10),
_idAsigModulo int(10))
BEGIN
	
    INSERT INTO evaluacion (estado, observaciones, calificacion, visibilidad, idAsigEmpleado, idAsigmodulo) 
	values (_estado,_observaciones,_calificacion,1,_idAsigEmpleado,_idAsigmodulo);

END ;;
DELIMITER ;
/*!50003 SET sql_mode              = @saved_sql_mode */ ;
/*!50003 SET character_set_client  = @saved_cs_client */ ;
/*!50003 SET character_set_results = @saved_cs_results */ ;
/*!50003 SET collation_connection  = @saved_col_connection */ ;
/*!50003 DROP PROCEDURE IF EXISTS `registrarUsuario` */;
/*!50003 SET @saved_cs_client      = @@character_set_client */ ;
/*!50003 SET @saved_cs_results     = @@character_set_results */ ;
/*!50003 SET @saved_col_connection = @@collation_connection */ ;
/*!50003 SET character_set_client  = utf8 */ ;
/*!50003 SET character_set_results = utf8 */ ;
/*!50003 SET collation_connection  = utf8_general_ci */ ;
/*!50003 SET @saved_sql_mode       = @@sql_mode */ ;
/*!50003 SET sql_mode              = 'ONLY_FULL_GROUP_BY,STRICT_TRANS_TABLES,NO_ZERO_IN_DATE,NO_ZERO_DATE,ERROR_FOR_DIVISION_BY_ZERO,NO_AUTO_CREATE_USER,NO_ENGINE_SUBSTITUTION' */ ;
DELIMITER ;;
CREATE DEFINER=`root`@`localhost` PROCEDURE `registrarUsuario`(
_numeroDocumento VARCHAR(45),
_nombreUsuario VARCHAR (45),
_contrasena VARCHAR(100),
_rol int(10)
)
BEGIN
INSERT INTO usuario (numeroDocumento,nombreUsuario,contrasena,rol,visibilidad)VALUES 
(_numeroDocumento,_nombreUsuario,_contrasena,_rol,1);


END ;;
DELIMITER ;
/*!50003 SET sql_mode              = @saved_sql_mode */ ;
/*!50003 SET character_set_client  = @saved_cs_client */ ;
/*!50003 SET character_set_results = @saved_cs_results */ ;
/*!50003 SET collation_connection  = @saved_col_connection */ ;

--
-- Final view structure for view `cargarempleado`
--

/*!50001 DROP TABLE IF EXISTS `cargarempleado`*/;
/*!50001 DROP VIEW IF EXISTS `cargarempleado`*/;
/*!50001 SET @saved_cs_client          = @@character_set_client */;
/*!50001 SET @saved_cs_results         = @@character_set_results */;
/*!50001 SET @saved_col_connection     = @@collation_connection */;
/*!50001 SET character_set_client      = utf8 */;
/*!50001 SET character_set_results     = utf8 */;
/*!50001 SET collation_connection      = utf8_general_ci */;
/*!50001 CREATE ALGORITHM=UNDEFINED */
/*!50013 DEFINER=`root`@`localhost` SQL SECURITY DEFINER */
/*!50001 VIEW `cargarempleado` AS select `empleado`.`nombreCompleto` AS `nombreCompleto`,`empleado`.`documento` AS `documento`,`empleado`.`telefono` AS `telefono`,`empleado`.`visibilidad` AS `visibilidad`,`empleado`.`correoElectronico` AS `correoElectronico`,`contrato`.`fechaInicioLaboral` AS `fechaInicioLaboral`,`contrato`.`fechaTerminacionContrato` AS `fechaFin`,`contrato`.`empresa` AS `empresa`,`contrato`.`numContrato` AS `numContrato`,`contrato`.`idContrato` AS `idContrato`,`contrato`.`cargo` AS `cargo`,`tipocontrato`.`nombre` AS `Tipocontrato`,`tipocontrato`.`idtipoContrato` AS `idTipoCon`,`departamento`.`idDepartamento` AS `idDep`,`departamento`.`area` AS `area`,`tiponivelescolar`.`nombre` AS `nivelEscolar`,`tiponivelescolar`.`idtipoNivelEscolar` AS `idTipoNiv` from ((((`empleado` join `contrato` on((`empleado`.`Contrato_idContrato` = `contrato`.`idContrato`))) join `departamento` on((`departamento`.`idDepartamento` = `empleado`.`Departamento_idDepartamento`))) join `tiponivelescolar` on((`tiponivelescolar`.`idtipoNivelEscolar` = `empleado`.`TipoNivelEscolar_idtipoNivelEscolar`))) join `tipocontrato` on((`tipocontrato`.`idtipoContrato` = `contrato`.`tipoContrato_idtipoContrato`))) where (`empleado`.`visibilidad` = '1') order by `empleado`.`nombreCompleto` */;
/*!50001 SET character_set_client      = @saved_cs_client */;
/*!50001 SET character_set_results     = @saved_cs_results */;
/*!50001 SET collation_connection      = @saved_col_connection */;

--
-- Final view structure for view `consultarcapempleado`
--

/*!50001 DROP TABLE IF EXISTS `consultarcapempleado`*/;
/*!50001 DROP VIEW IF EXISTS `consultarcapempleado`*/;
/*!50001 SET @saved_cs_client          = @@character_set_client */;
/*!50001 SET @saved_cs_results         = @@character_set_results */;
/*!50001 SET @saved_col_connection     = @@collation_connection */;
/*!50001 SET character_set_client      = utf8 */;
/*!50001 SET character_set_results     = utf8 */;
/*!50001 SET collation_connection      = utf8_general_ci */;
/*!50001 CREATE ALGORITHM=UNDEFINED */
/*!50013 DEFINER=`root`@`localhost` SQL SECURITY DEFINER */
/*!50001 VIEW `consultarcapempleado` AS select `e`.`nombreCompleto` AS `nombreCompleto`,`e`.`documento` AS `documento`,`ev`.`estado` AS `estado`,`ev`.`observaciones` AS `observaciones`,`ev`.`calificacion` AS `calificacion`,`m`.`nombreModulo` AS `nombreModulo`,`pr`.`fechaFin` AS `fechaFin`,`pr`.`modalidad` AS `modalidad`,`pr`.`tipoCapacitacion` AS `tipoCapacitacion`,`pr`.`nivel` AS `nivel`,`ev`.`visibilidad` AS `visibilidad` from (((((`empleado` `e` join `asigempleado` `ae` on((`ae`.`idEmpleado` = `e`.`documento`))) join `programacion` `pr` on((`pr`.`idProgramacion` = `ae`.`idProgramacion`))) join `asigmodulo` `am` on((`am`.`idProgramacion` = `pr`.`idProgramacion`))) join `modulo` `m` on((`m`.`idModulo` = `am`.`idModulo`))) left join `evaluacion` `ev` on(((`ev`.`idAsigEmpleado` = `ae`.`idAsigEmpleado`) and (`ev`.`idAsigModulo` = `am`.`idAsigModulo`)))) where ((isnull(`ev`.`visibilidad`) or (`ev`.`visibilidad` = 1)) and (`ev`.`calificacion` is not null)) order by `pr`.`fechaFin` desc */;
/*!50001 SET character_set_client      = @saved_cs_client */;
/*!50001 SET character_set_results     = @saved_cs_results */;
/*!50001 SET collation_connection      = @saved_col_connection */;

--
-- Final view structure for view `consultareprobados`
--

/*!50001 DROP TABLE IF EXISTS `consultareprobados`*/;
/*!50001 DROP VIEW IF EXISTS `consultareprobados`*/;
/*!50001 SET @saved_cs_client          = @@character_set_client */;
/*!50001 SET @saved_cs_results         = @@character_set_results */;
/*!50001 SET @saved_col_connection     = @@collation_connection */;
/*!50001 SET character_set_client      = utf8 */;
/*!50001 SET character_set_results     = utf8 */;
/*!50001 SET collation_connection      = utf8_general_ci */;
/*!50001 CREATE ALGORITHM=UNDEFINED */
/*!50013 DEFINER=`root`@`localhost` SQL SECURITY DEFINER */
/*!50001 VIEW `consultareprobados` AS select `empl`.`documento` AS `documento`,`empl`.`nombreCompleto` AS `nombreCompleto`,`eva`.`calificacion` AS `calificacion`,`pro`.`tipoCapacitacion` AS `tipoCapacitacion`,`pro`.`nivel` AS `nivel`,max(`pro`.`fechaFin`) AS `fecha`,`pro`.`idProgramacion` AS `idProgramacion`,`mo`.`idModulo` AS `idModulo`,`mo`.`nombreModulo` AS `nombreModulo`,(case when (`eva`.`calificacion` >= 3.5) then 1 else 0 end) AS `aprobado` from (((((`empleado` `empl` join `asigempleado` `aem` on((`aem`.`idEmpleado` = `empl`.`documento`))) join `programacion` `pro` on((`pro`.`idProgramacion` = `aem`.`idProgramacion`))) join `asigmodulo` `amo` on((`amo`.`idProgramacion` = `pro`.`idProgramacion`))) join `modulo` `mo` on((`mo`.`idModulo` = `amo`.`idModulo`))) left join `evaluacion` `eva` on(((`eva`.`idAsigEmpleado` = `aem`.`idAsigEmpleado`) and (`eva`.`idAsigModulo` = `amo`.`idAsigModulo`)))) where ((`empl`.`visibilidad` = '1') and ((case when (`eva`.`calificacion` >= 3.5) then 1 else 0 end) = 0) and (`eva`.`calificacion` is not null)) group by `empl`.`documento`,`empl`.`nombreCompleto`,`eva`.`calificacion`,`pro`.`tipoCapacitacion`,`pro`.`nivel`,`pro`.`fechaFin`,`pro`.`idProgramacion`,`mo`.`idModulo`,`mo`.`nombreModulo` */;
/*!50001 SET character_set_client      = @saved_cs_client */;
/*!50001 SET character_set_results     = @saved_cs_results */;
/*!50001 SET collation_connection      = @saved_col_connection */;

--
-- Final view structure for view `consultarmodcycp`
--

/*!50001 DROP TABLE IF EXISTS `consultarmodcycp`*/;
/*!50001 DROP VIEW IF EXISTS `consultarmodcycp`*/;
/*!50001 SET @saved_cs_client          = @@character_set_client */;
/*!50001 SET @saved_cs_results         = @@character_set_results */;
/*!50001 SET @saved_col_connection     = @@collation_connection */;
/*!50001 SET character_set_client      = utf8 */;
/*!50001 SET character_set_results     = utf8 */;
/*!50001 SET collation_connection      = utf8_general_ci */;
/*!50001 CREATE ALGORITHM=UNDEFINED */
/*!50013 DEFINER=`root`@`localhost` SQL SECURITY DEFINER */
/*!50001 VIEW `consultarmodcycp` AS select round(avg(`ev`.`calificacion`),2) AS `CyCP`,`mo`.`nombreModulo` AS `nombreModulo` from (((((`empleado` `em` join `contrato` `co` on((`em`.`Contrato_idContrato` = `co`.`idContrato`))) join `asigempleado` `ae` on((`em`.`documento` = `ae`.`idEmpleado`))) join `evaluacion` `ev` on((`ae`.`idAsigEmpleado` = `ev`.`idAsigEmpleado`))) join `asigmodulo` `am` on((`ev`.`idAsigModulo` = `am`.`idAsigModulo`))) join `modulo` `mo` on((`am`.`idModulo` = `mo`.`idModulo`))) where (`co`.`empresa` = 'CyCP') group by `mo`.`nombreModulo`,`co`.`empresa` */;
/*!50001 SET character_set_client      = @saved_cs_client */;
/*!50001 SET character_set_results     = @saved_cs_results */;
/*!50001 SET collation_connection      = @saved_col_connection */;

--
-- Final view structure for view `consultarmodgfc`
--

/*!50001 DROP TABLE IF EXISTS `consultarmodgfc`*/;
/*!50001 DROP VIEW IF EXISTS `consultarmodgfc`*/;
/*!50001 SET @saved_cs_client          = @@character_set_client */;
/*!50001 SET @saved_cs_results         = @@character_set_results */;
/*!50001 SET @saved_col_connection     = @@collation_connection */;
/*!50001 SET character_set_client      = utf8 */;
/*!50001 SET character_set_results     = utf8 */;
/*!50001 SET collation_connection      = utf8_general_ci */;
/*!50001 CREATE ALGORITHM=UNDEFINED */
/*!50013 DEFINER=`root`@`localhost` SQL SECURITY DEFINER */
/*!50001 VIEW `consultarmodgfc` AS select round(avg(`ev`.`calificacion`),2) AS `GFC`,`mo`.`nombreModulo` AS `nombreModulo` from (((((`empleado` `em` join `contrato` `co` on((`em`.`Contrato_idContrato` = `co`.`idContrato`))) join `asigempleado` `ae` on((`em`.`documento` = `ae`.`idEmpleado`))) join `evaluacion` `ev` on((`ae`.`idAsigEmpleado` = `ev`.`idAsigEmpleado`))) join `asigmodulo` `am` on((`ev`.`idAsigModulo` = `am`.`idAsigModulo`))) join `modulo` `mo` on((`am`.`idModulo` = `mo`.`idModulo`))) where (`co`.`empresa` = 'GF') group by `mo`.`nombreModulo`,`co`.`empresa` */;
/*!50001 SET character_set_client      = @saved_cs_client */;
/*!50001 SET character_set_results     = @saved_cs_results */;
/*!50001 SET collation_connection      = @saved_col_connection */;

--
-- Final view structure for view `empnivelavanzado`
--

/*!50001 DROP TABLE IF EXISTS `empnivelavanzado`*/;
/*!50001 DROP VIEW IF EXISTS `empnivelavanzado`*/;
/*!50001 SET @saved_cs_client          = @@character_set_client */;
/*!50001 SET @saved_cs_results         = @@character_set_results */;
/*!50001 SET @saved_col_connection     = @@collation_connection */;
/*!50001 SET character_set_client      = utf8 */;
/*!50001 SET character_set_results     = utf8 */;
/*!50001 SET collation_connection      = utf8_general_ci */;
/*!50001 CREATE ALGORITHM=UNDEFINED */
/*!50013 DEFINER=`root`@`localhost` SQL SECURITY DEFINER */
/*!50001 VIEW `empnivelavanzado` AS select `cargarempleado`.`nombreCompleto` AS `nombreCompleto`,`cargarempleado`.`documento` AS `documento`,`cargarempleado`.`area` AS `area`,`cargarempleado`.`visibilidad` AS `visibilidad`,timestampdiff(DAY,`cargarempleado`.`fechaInicioLaboral`,curdate()) AS `dias` from `cargarempleado` where (timestampdiff(DAY,`cargarempleado`.`fechaInicioLaboral`,curdate()) > 365) */;
/*!50001 SET character_set_client      = @saved_cs_client */;
/*!50001 SET character_set_results     = @saved_cs_results */;
/*!50001 SET collation_connection      = @saved_col_connection */;

--
-- Final view structure for view `empnivelbasico`
--

/*!50001 DROP TABLE IF EXISTS `empnivelbasico`*/;
/*!50001 DROP VIEW IF EXISTS `empnivelbasico`*/;
/*!50001 SET @saved_cs_client          = @@character_set_client */;
/*!50001 SET @saved_cs_results         = @@character_set_results */;
/*!50001 SET @saved_col_connection     = @@collation_connection */;
/*!50001 SET character_set_client      = utf8 */;
/*!50001 SET character_set_results     = utf8 */;
/*!50001 SET collation_connection      = utf8_general_ci */;
/*!50001 CREATE ALGORITHM=UNDEFINED */
/*!50013 DEFINER=`root`@`localhost` SQL SECURITY DEFINER */
/*!50001 VIEW `empnivelbasico` AS select `cargarempleado`.`nombreCompleto` AS `nombreCompleto`,`cargarempleado`.`documento` AS `documento`,`cargarempleado`.`area` AS `area`,`cargarempleado`.`visibilidad` AS `visibilidad`,timestampdiff(DAY,`cargarempleado`.`fechaInicioLaboral`,curdate()) AS `tiempo` from `cargarempleado` where (timestampdiff(DAY,`cargarempleado`.`fechaInicioLaboral`,curdate()) < 90) */;
/*!50001 SET character_set_client      = @saved_cs_client */;
/*!50001 SET character_set_results     = @saved_cs_results */;
/*!50001 SET collation_connection      = @saved_col_connection */;

--
-- Final view structure for view `empnivelintermedio`
--

/*!50001 DROP TABLE IF EXISTS `empnivelintermedio`*/;
/*!50001 DROP VIEW IF EXISTS `empnivelintermedio`*/;
/*!50001 SET @saved_cs_client          = @@character_set_client */;
/*!50001 SET @saved_cs_results         = @@character_set_results */;
/*!50001 SET @saved_col_connection     = @@collation_connection */;
/*!50001 SET character_set_client      = utf8 */;
/*!50001 SET character_set_results     = utf8 */;
/*!50001 SET collation_connection      = utf8_general_ci */;
/*!50001 CREATE ALGORITHM=UNDEFINED */
/*!50013 DEFINER=`root`@`localhost` SQL SECURITY DEFINER */
/*!50001 VIEW `empnivelintermedio` AS select `cargarempleado`.`nombreCompleto` AS `nombreCompleto`,`cargarempleado`.`documento` AS `documento`,`cargarempleado`.`area` AS `area`,`cargarempleado`.`visibilidad` AS `visibilidad`,timestampdiff(DAY,`cargarempleado`.`fechaInicioLaboral`,curdate()) AS `dias` from `cargarempleado` where ((timestampdiff(DAY,`cargarempleado`.`fechaInicioLaboral`,curdate()) > 90) and (timestampdiff(DAY,`cargarempleado`.`fechaInicioLaboral`,curdate()) < 365)) */;
/*!50001 SET character_set_client      = @saved_cs_client */;
/*!50001 SET character_set_results     = @saved_cs_results */;
/*!50001 SET collation_connection      = @saved_col_connection */;

--
-- Final view structure for view `empprogramar`
--

/*!50001 DROP TABLE IF EXISTS `empprogramar`*/;
/*!50001 DROP VIEW IF EXISTS `empprogramar`*/;
/*!50001 SET @saved_cs_client          = @@character_set_client */;
/*!50001 SET @saved_cs_results         = @@character_set_results */;
/*!50001 SET @saved_col_connection     = @@collation_connection */;
/*!50001 SET character_set_client      = utf8 */;
/*!50001 SET character_set_results     = utf8 */;
/*!50001 SET collation_connection      = utf8_general_ci */;
/*!50001 CREATE ALGORITHM=UNDEFINED */
/*!50013 DEFINER=`root`@`localhost` SQL SECURITY DEFINER */
/*!50001 VIEW `empprogramar` AS select `e`.`nombreCompleto` AS `nombreCompleto`,`m`.`nombreModulo` AS `nombreModulo`,max(`pr`.`fechaFin`) AS `fecha`,`dep`.`area` AS `area`,`e`.`documento` AS `documento`,timestampdiff(MONTH,max(`pr`.`fechaFin`),curdate()) AS `diferencia`,`m`.`frecuencia` AS `frecuencia` from (((((`empleado` `e` join `asigempleado` `ae` on((`ae`.`idEmpleado` = `e`.`documento`))) join `programacion` `pr` on((`pr`.`idProgramacion` = `ae`.`idProgramacion`))) join `asigmodulo` `am` on((`am`.`idProgramacion` = `pr`.`idProgramacion`))) join `modulo` `m` on((`m`.`idModulo` = `am`.`idModulo`))) join `departamento` `dep` on((`dep`.`idDepartamento` = `e`.`Departamento_idDepartamento`))) where ((`e`.`visibilidad` = 1) and (`m`.`frecuencia` <> 1)) group by `e`.`nombreCompleto`,`m`.`nombreModulo`,`dep`.`area`,`e`.`documento`,`m`.`frecuencia` having (timestampdiff(MONTH,`fecha`,curdate()) >= 1) order by `e`.`nombreCompleto` */;
/*!50001 SET character_set_client      = @saved_cs_client */;
/*!50001 SET character_set_results     = @saved_cs_results */;
/*!50001 SET collation_connection      = @saved_col_connection */;

--
-- Final view structure for view `modulosprogramacion`
--

/*!50001 DROP TABLE IF EXISTS `modulosprogramacion`*/;
/*!50001 DROP VIEW IF EXISTS `modulosprogramacion`*/;
/*!50001 SET @saved_cs_client          = @@character_set_client */;
/*!50001 SET @saved_cs_results         = @@character_set_results */;
/*!50001 SET @saved_col_connection     = @@collation_connection */;
/*!50001 SET character_set_client      = utf8 */;
/*!50001 SET character_set_results     = utf8 */;
/*!50001 SET collation_connection      = utf8_general_ci */;
/*!50001 CREATE ALGORITHM=UNDEFINED */
/*!50013 DEFINER=`root`@`localhost` SQL SECURITY DEFINER */
/*!50001 VIEW `modulosprogramacion` AS select `m`.`nombreModulo` AS `nombreModulo`,`m`.`idModulo` AS `idModulo`,`a`.`idProgramacion` AS `idProgramacion` from (`modulo` `m` join `asigmodulo` `a` on((`a`.`idModulo` = `m`.`idModulo`))) */;
/*!50001 SET character_set_client      = @saved_cs_client */;
/*!50001 SET character_set_results     = @saved_cs_results */;
/*!50001 SET collation_connection      = @saved_col_connection */;

--
-- Final view structure for view `ver_programacion`
--

/*!50001 DROP TABLE IF EXISTS `ver_programacion`*/;
/*!50001 DROP VIEW IF EXISTS `ver_programacion`*/;
/*!50001 SET @saved_cs_client          = @@character_set_client */;
/*!50001 SET @saved_cs_results         = @@character_set_results */;
/*!50001 SET @saved_col_connection     = @@collation_connection */;
/*!50001 SET character_set_client      = utf8 */;
/*!50001 SET character_set_results     = utf8 */;
/*!50001 SET collation_connection      = utf8_general_ci */;
/*!50001 CREATE ALGORITHM=UNDEFINED */
/*!50013 DEFINER=`root`@`localhost` SQL SECURITY DEFINER */
/*!50001 VIEW `ver_programacion` AS select `p`.`idProgramacion` AS `idProgramacion`,`p`.`tipoCapacitacion` AS `tipoCapacitacion`,`p`.`modalidad` AS `modalidad`,`p`.`fechaInicio` AS `fechaInicio`,`p`.`fechaFin` AS `fechaFin`,`p`.`nivel` AS `nivel`,`mp`.`nombreModulo` AS `modulo` from (`programacion` `p` join `modulosprogramacion` `mp`) where ((`mp`.`idProgramacion` = `p`.`idProgramacion`) and (`p`.`visibilidad` = 1)) group by `p`.`idProgramacion`,`mp`.`nombreModulo` */;
/*!50001 SET character_set_client      = @saved_cs_client */;
/*!50001 SET character_set_results     = @saved_cs_results */;
/*!50001 SET collation_connection      = @saved_col_connection */;

--
-- Final view structure for view `ver_programacionesproximas`
--

/*!50001 DROP TABLE IF EXISTS `ver_programacionesproximas`*/;
/*!50001 DROP VIEW IF EXISTS `ver_programacionesproximas`*/;
/*!50001 SET @saved_cs_client          = @@character_set_client */;
/*!50001 SET @saved_cs_results         = @@character_set_results */;
/*!50001 SET @saved_col_connection     = @@collation_connection */;
/*!50001 SET character_set_client      = utf8 */;
/*!50001 SET character_set_results     = utf8 */;
/*!50001 SET collation_connection      = utf8_general_ci */;
/*!50001 CREATE ALGORITHM=UNDEFINED */
/*!50013 DEFINER=`root`@`localhost` SQL SECURITY DEFINER */
/*!50001 VIEW `ver_programacionesproximas` AS select `programacion`.`idProgramacion` AS `idProgramacion`,`programacion`.`fechaInicio` AS `fechaInicio`,`programacion`.`titulo` AS `titulo`,`programacion`.`estado` AS `estado`,`programacion`.`color` AS `color` from `programacion` where ((`programacion`.`visibilidad` = '1') and (`programacion`.`fechaFin` >= curdate())) order by `programacion`.`fechaReg` */;
/*!50001 SET character_set_client      = @saved_cs_client */;
/*!50001 SET character_set_results     = @saved_cs_results */;
/*!50001 SET collation_connection      = @saved_col_connection */;

--
-- Final view structure for view `ver_programacionfinalizadas`
--

/*!50001 DROP TABLE IF EXISTS `ver_programacionfinalizadas`*/;
/*!50001 DROP VIEW IF EXISTS `ver_programacionfinalizadas`*/;
/*!50001 SET @saved_cs_client          = @@character_set_client */;
/*!50001 SET @saved_cs_results         = @@character_set_results */;
/*!50001 SET @saved_col_connection     = @@collation_connection */;
/*!50001 SET character_set_client      = utf8 */;
/*!50001 SET character_set_results     = utf8 */;
/*!50001 SET collation_connection      = utf8_general_ci */;
/*!50001 CREATE ALGORITHM=UNDEFINED */
/*!50013 DEFINER=`root`@`localhost` SQL SECURITY DEFINER */
/*!50001 VIEW `ver_programacionfinalizadas` AS select `programacion`.`idProgramacion` AS `idProgramacion`,`programacion`.`fechaInicio` AS `fechaInicio`,`programacion`.`fechaFin` AS `fechaFin`,`programacion`.`modalidad` AS `modalidad`,`programacion`.`nivel` AS `nivel`,`programacion`.`tipoCapacitacion` AS `tipoCapacitacion`,`programacion`.`fechaReg` AS `fechaReg`,`programacion`.`color` AS `color` from `programacion` where (((`programacion`.`visibilidad` = '1') and (`programacion`.`fechaFin` < curdate())) or (not(curdate()))) order by `programacion`.`fechaReg` */;
/*!50001 SET character_set_client      = @saved_cs_client */;
/*!50001 SET character_set_results     = @saved_cs_results */;
/*!50001 SET collation_connection      = @saved_col_connection */;

--
-- Final view structure for view `verempprogramados`
--

/*!50001 DROP TABLE IF EXISTS `verempprogramados`*/;
/*!50001 DROP VIEW IF EXISTS `verempprogramados`*/;
/*!50001 SET @saved_cs_client          = @@character_set_client */;
/*!50001 SET @saved_cs_results         = @@character_set_results */;
/*!50001 SET @saved_col_connection     = @@collation_connection */;
/*!50001 SET character_set_client      = utf8 */;
/*!50001 SET character_set_results     = utf8 */;
/*!50001 SET collation_connection      = utf8_general_ci */;
/*!50001 CREATE ALGORITHM=UNDEFINED */
/*!50013 DEFINER=`root`@`localhost` SQL SECURITY DEFINER */
/*!50001 VIEW `verempprogramados` AS select `viewe`.`nombreCompleto` AS `nombreCompleto`,`viewe`.`documento` AS `documento`,`ag`.`idProgramacion` AS `idProgramacion`,`viewe`.`area` AS `area`,`viewe`.`nivelEscolar` AS `nivelEscolar`,`viewe`.`empresa` AS `empresa` from (`cargarempleado` `viewe` join `asigempleado` `ag` on((`ag`.`idEmpleado` = `viewe`.`documento`))) */;
/*!50001 SET character_set_client      = @saved_cs_client */;
/*!50001 SET character_set_results     = @saved_cs_results */;
/*!50001 SET collation_connection      = @saved_col_connection */;
/*!40103 SET TIME_ZONE=@OLD_TIME_ZONE */;

/*!40101 SET SQL_MODE=@OLD_SQL_MODE */;
/*!40014 SET FOREIGN_KEY_CHECKS=@OLD_FOREIGN_KEY_CHECKS */;
/*!40014 SET UNIQUE_CHECKS=@OLD_UNIQUE_CHECKS */;
/*!40101 SET CHARACTER_SET_CLIENT=@OLD_CHARACTER_SET_CLIENT */;
/*!40101 SET CHARACTER_SET_RESULTS=@OLD_CHARACTER_SET_RESULTS */;
/*!40101 SET COLLATION_CONNECTION=@OLD_COLLATION_CONNECTION */;
/*!40111 SET SQL_NOTES=@OLD_SQL_NOTES */;

-- Dump completed on 2018-01-09 16:45:21
